-- phpMyAdmin SQL Dump
-- version 5.2.1
-- https://www.phpmyadmin.net/
--
-- Host: localhost
-- Generation Time: Aug 10, 2023 at 11:38 AM
-- Server version: 10.4.28-MariaDB
-- PHP Version: 8.2.4

SET SQL_MODE = "NO_AUTO_VALUE_ON_ZERO";
START TRANSACTION;
SET time_zone = "+00:00";


/*!40101 SET @OLD_CHARACTER_SET_CLIENT=@@CHARACTER_SET_CLIENT */;
/*!40101 SET @OLD_CHARACTER_SET_RESULTS=@@CHARACTER_SET_RESULTS */;
/*!40101 SET @OLD_COLLATION_CONNECTION=@@COLLATION_CONNECTION */;
/*!40101 SET NAMES utf8mb4 */;

--
-- Database: `memotis`
--

-- --------------------------------------------------------

--
-- Table structure for table `failed_jobs`
--

CREATE TABLE `failed_jobs` (
  `id` bigint(20) UNSIGNED NOT NULL,
  `uuid` varchar(255) NOT NULL,
  `connection` text NOT NULL,
  `queue` text NOT NULL,
  `payload` longtext NOT NULL,
  `exception` longtext NOT NULL,
  `failed_at` timestamp NOT NULL DEFAULT current_timestamp()
) ENGINE=InnoDB DEFAULT CHARSET=utf8mb4 COLLATE=utf8mb4_unicode_ci;

-- --------------------------------------------------------

--
-- Table structure for table `master_akses`
--

CREATE TABLE `master_akses` (
  `id_akses` bigint(20) UNSIGNED NOT NULL,
  `level_sistems_id` bigint(20) UNSIGNED NOT NULL,
  `fiturs_id` bigint(20) UNSIGNED NOT NULL,
  `created_at` timestamp NULL DEFAULT NULL,
  `updated_at` timestamp NULL DEFAULT NULL
) ENGINE=InnoDB DEFAULT CHARSET=utf8mb4 COLLATE=utf8mb4_unicode_ci;

--
-- Dumping data for table `master_akses`
--

INSERT INTO `master_akses` (`id_akses`, `level_sistems_id`, `fiturs_id`, `created_at`, `updated_at`) VALUES
(150, 2, 49, '2023-07-24 02:38:25', '2023-07-24 02:38:25'),
(151, 2, 51, '2023-07-24 02:38:25', '2023-07-24 02:38:25'),
(152, 2, 50, '2023-07-24 02:38:25', '2023-07-24 02:38:25'),
(153, 2, 52, '2023-07-24 02:38:25', '2023-07-24 02:38:25'),
(154, 2, 53, '2023-07-24 02:38:25', '2023-07-24 02:38:25'),
(155, 2, 54, '2023-07-24 02:38:25', '2023-07-24 02:38:25'),
(156, 2, 43, '2023-07-24 02:38:25', '2023-07-24 02:38:25'),
(157, 2, 45, '2023-07-24 02:38:25', '2023-07-24 02:38:25'),
(158, 2, 44, '2023-07-24 02:38:25', '2023-07-24 02:38:25'),
(159, 2, 46, '2023-07-24 02:38:25', '2023-07-24 02:38:25'),
(160, 2, 47, '2023-07-24 02:38:25', '2023-07-24 02:38:25'),
(161, 2, 48, '2023-07-24 02:38:25', '2023-07-24 02:38:25'),
(162, 2, 18, '2023-07-24 02:38:25', '2023-07-24 02:38:25'),
(163, 2, 19, '2023-07-24 02:38:25', '2023-07-24 02:38:25'),
(164, 2, 20, '2023-07-24 02:38:25', '2023-07-24 02:38:25'),
(165, 2, 21, '2023-07-24 02:38:25', '2023-07-24 02:38:25'),
(166, 2, 22, '2023-07-24 02:38:25', '2023-07-24 02:38:25'),
(167, 2, 23, '2023-07-24 02:38:25', '2023-07-24 02:38:25'),
(168, 2, 24, '2023-07-24 02:38:25', '2023-07-24 02:38:25'),
(169, 2, 25, '2023-07-24 02:38:25', '2023-07-24 02:38:25'),
(170, 2, 26, '2023-07-24 02:38:25', '2023-07-24 02:38:25'),
(171, 2, 27, '2023-07-24 02:38:25', '2023-07-24 02:38:25'),
(172, 2, 28, '2023-07-24 02:38:25', '2023-07-24 02:38:25'),
(173, 2, 29, '2023-07-24 02:38:25', '2023-07-24 02:38:25'),
(174, 2, 30, '2023-07-24 02:38:25', '2023-07-24 02:38:25'),
(175, 2, 31, '2023-07-24 02:38:25', '2023-07-24 02:38:25'),
(176, 2, 32, '2023-07-24 02:38:25', '2023-07-24 02:38:25'),
(177, 2, 33, '2023-07-24 02:38:25', '2023-07-24 02:38:25'),
(178, 2, 6, '2023-07-24 02:38:25', '2023-07-24 02:38:25'),
(179, 2, 15, '2023-07-24 02:38:25', '2023-07-24 02:38:25'),
(346, 9, 49, '2023-07-24 05:13:08', '2023-07-24 05:13:08'),
(347, 9, 51, '2023-07-24 05:13:08', '2023-07-24 05:13:08'),
(348, 9, 54, '2023-07-24 05:13:08', '2023-07-24 05:13:08'),
(349, 9, 43, '2023-07-24 05:13:08', '2023-07-24 05:13:08'),
(350, 9, 45, '2023-07-24 05:13:08', '2023-07-24 05:13:08'),
(351, 9, 44, '2023-07-24 05:13:08', '2023-07-24 05:13:08'),
(352, 9, 48, '2023-07-24 05:13:08', '2023-07-24 05:13:08'),
(353, 9, 15, '2023-07-24 05:13:08', '2023-07-24 05:13:08'),
(408, 10, 49, '2023-07-24 05:16:58', '2023-07-24 05:16:58'),
(409, 10, 51, '2023-07-24 05:16:58', '2023-07-24 05:16:58'),
(410, 10, 54, '2023-07-24 05:16:58', '2023-07-24 05:16:58'),
(411, 10, 43, '2023-07-24 05:16:58', '2023-07-24 05:16:58'),
(412, 10, 45, '2023-07-24 05:16:58', '2023-07-24 05:16:58'),
(413, 10, 44, '2023-07-24 05:16:58', '2023-07-24 05:16:58'),
(414, 10, 48, '2023-07-24 05:16:58', '2023-07-24 05:16:58'),
(415, 10, 15, '2023-07-24 05:16:58', '2023-07-24 05:16:58'),
(424, 3, 49, '2023-07-24 06:48:37', '2023-07-24 06:48:37'),
(425, 3, 51, '2023-07-24 06:48:37', '2023-07-24 06:48:37'),
(426, 3, 50, '2023-07-24 06:48:37', '2023-07-24 06:48:37'),
(427, 3, 52, '2023-07-24 06:48:37', '2023-07-24 06:48:37'),
(428, 3, 53, '2023-07-24 06:48:37', '2023-07-24 06:48:37'),
(429, 3, 54, '2023-07-24 06:48:37', '2023-07-24 06:48:37'),
(430, 3, 43, '2023-07-24 06:48:37', '2023-07-24 06:48:37'),
(431, 3, 45, '2023-07-24 06:48:37', '2023-07-24 06:48:37'),
(432, 3, 44, '2023-07-24 06:48:37', '2023-07-24 06:48:37'),
(433, 3, 46, '2023-07-24 06:48:37', '2023-07-24 06:48:37'),
(434, 3, 47, '2023-07-24 06:48:37', '2023-07-24 06:48:37'),
(435, 3, 48, '2023-07-24 06:48:37', '2023-07-24 06:48:37'),
(436, 3, 18, '2023-07-24 06:48:37', '2023-07-24 06:48:37'),
(437, 3, 19, '2023-07-24 06:48:37', '2023-07-24 06:48:37'),
(438, 3, 20, '2023-07-24 06:48:37', '2023-07-24 06:48:37'),
(439, 3, 21, '2023-07-24 06:48:37', '2023-07-24 06:48:37'),
(440, 3, 22, '2023-07-24 06:48:37', '2023-07-24 06:48:37'),
(441, 3, 23, '2023-07-24 06:48:37', '2023-07-24 06:48:37'),
(442, 3, 24, '2023-07-24 06:48:37', '2023-07-24 06:48:37'),
(443, 3, 25, '2023-07-24 06:48:37', '2023-07-24 06:48:37'),
(444, 3, 26, '2023-07-24 06:48:37', '2023-07-24 06:48:37'),
(445, 3, 27, '2023-07-24 06:48:37', '2023-07-24 06:48:37'),
(446, 3, 28, '2023-07-24 06:48:37', '2023-07-24 06:48:37'),
(447, 3, 29, '2023-07-24 06:48:37', '2023-07-24 06:48:37'),
(448, 3, 30, '2023-07-24 06:48:37', '2023-07-24 06:48:37'),
(449, 3, 31, '2023-07-24 06:48:37', '2023-07-24 06:48:37'),
(450, 3, 32, '2023-07-24 06:48:37', '2023-07-24 06:48:37'),
(451, 3, 33, '2023-07-24 06:48:37', '2023-07-24 06:48:37'),
(452, 3, 15, '2023-07-24 06:48:37', '2023-07-24 06:48:37'),
(453, 4, 49, '2023-07-24 06:48:57', '2023-07-24 06:48:57'),
(454, 4, 51, '2023-07-24 06:48:57', '2023-07-24 06:48:57'),
(455, 4, 50, '2023-07-24 06:48:57', '2023-07-24 06:48:57'),
(456, 4, 52, '2023-07-24 06:48:57', '2023-07-24 06:48:57'),
(457, 4, 54, '2023-07-24 06:48:57', '2023-07-24 06:48:57'),
(458, 4, 43, '2023-07-24 06:48:57', '2023-07-24 06:48:57'),
(459, 4, 45, '2023-07-24 06:48:57', '2023-07-24 06:48:57'),
(460, 4, 44, '2023-07-24 06:48:57', '2023-07-24 06:48:57'),
(461, 4, 46, '2023-07-24 06:48:57', '2023-07-24 06:48:57'),
(462, 4, 48, '2023-07-24 06:48:57', '2023-07-24 06:48:57'),
(463, 4, 15, '2023-07-24 06:48:57', '2023-07-24 06:48:57'),
(464, 5, 49, '2023-07-24 06:49:27', '2023-07-24 06:49:27'),
(465, 5, 51, '2023-07-24 06:49:27', '2023-07-24 06:49:27'),
(466, 5, 50, '2023-07-24 06:49:27', '2023-07-24 06:49:27'),
(467, 5, 52, '2023-07-24 06:49:27', '2023-07-24 06:49:27'),
(468, 5, 53, '2023-07-24 06:49:27', '2023-07-24 06:49:27'),
(469, 5, 54, '2023-07-24 06:49:27', '2023-07-24 06:49:27'),
(470, 5, 43, '2023-07-24 06:49:27', '2023-07-24 06:49:27'),
(471, 5, 45, '2023-07-24 06:49:27', '2023-07-24 06:49:27'),
(472, 5, 44, '2023-07-24 06:49:27', '2023-07-24 06:49:27'),
(473, 5, 46, '2023-07-24 06:49:27', '2023-07-24 06:49:27'),
(474, 5, 47, '2023-07-24 06:49:27', '2023-07-24 06:49:27'),
(475, 5, 48, '2023-07-24 06:49:27', '2023-07-24 06:49:27'),
(476, 5, 18, '2023-07-24 06:49:27', '2023-07-24 06:49:27'),
(477, 5, 19, '2023-07-24 06:49:27', '2023-07-24 06:49:27'),
(478, 5, 20, '2023-07-24 06:49:27', '2023-07-24 06:49:27'),
(479, 5, 21, '2023-07-24 06:49:27', '2023-07-24 06:49:27'),
(480, 5, 22, '2023-07-24 06:49:27', '2023-07-24 06:49:27'),
(481, 5, 23, '2023-07-24 06:49:27', '2023-07-24 06:49:27'),
(482, 5, 24, '2023-07-24 06:49:27', '2023-07-24 06:49:27'),
(483, 5, 25, '2023-07-24 06:49:27', '2023-07-24 06:49:27'),
(484, 5, 26, '2023-07-24 06:49:27', '2023-07-24 06:49:27'),
(485, 5, 27, '2023-07-24 06:49:27', '2023-07-24 06:49:27'),
(486, 5, 28, '2023-07-24 06:49:27', '2023-07-24 06:49:27'),
(487, 5, 29, '2023-07-24 06:49:27', '2023-07-24 06:49:27'),
(488, 5, 30, '2023-07-24 06:49:27', '2023-07-24 06:49:27'),
(489, 5, 31, '2023-07-24 06:49:27', '2023-07-24 06:49:27'),
(490, 5, 32, '2023-07-24 06:49:27', '2023-07-24 06:49:27'),
(491, 5, 33, '2023-07-24 06:49:27', '2023-07-24 06:49:27'),
(492, 5, 15, '2023-07-24 06:49:27', '2023-07-24 06:49:27'),
(501, 11, 49, '2023-07-24 06:51:42', '2023-07-24 06:51:42'),
(502, 11, 51, '2023-07-24 06:51:42', '2023-07-24 06:51:42'),
(503, 11, 50, '2023-07-24 06:51:42', '2023-07-24 06:51:42'),
(504, 11, 52, '2023-07-24 06:51:42', '2023-07-24 06:51:42'),
(505, 11, 53, '2023-07-24 06:51:42', '2023-07-24 06:51:42'),
(506, 11, 54, '2023-07-24 06:51:42', '2023-07-24 06:51:42'),
(507, 11, 43, '2023-07-24 06:51:42', '2023-07-24 06:51:42'),
(508, 11, 45, '2023-07-24 06:51:42', '2023-07-24 06:51:42'),
(509, 11, 44, '2023-07-24 06:51:42', '2023-07-24 06:51:42'),
(510, 11, 46, '2023-07-24 06:51:42', '2023-07-24 06:51:42'),
(511, 11, 47, '2023-07-24 06:51:42', '2023-07-24 06:51:42'),
(512, 11, 48, '2023-07-24 06:51:42', '2023-07-24 06:51:42'),
(513, 11, 18, '2023-07-24 06:51:42', '2023-07-24 06:51:42'),
(514, 11, 19, '2023-07-24 06:51:42', '2023-07-24 06:51:42'),
(515, 11, 20, '2023-07-24 06:51:42', '2023-07-24 06:51:42'),
(516, 11, 21, '2023-07-24 06:51:42', '2023-07-24 06:51:42'),
(517, 11, 22, '2023-07-24 06:51:42', '2023-07-24 06:51:42'),
(518, 11, 23, '2023-07-24 06:51:42', '2023-07-24 06:51:42'),
(519, 11, 24, '2023-07-24 06:51:42', '2023-07-24 06:51:42'),
(520, 11, 25, '2023-07-24 06:51:42', '2023-07-24 06:51:42'),
(521, 11, 26, '2023-07-24 06:51:42', '2023-07-24 06:51:42'),
(522, 11, 27, '2023-07-24 06:51:42', '2023-07-24 06:51:42'),
(523, 11, 28, '2023-07-24 06:51:42', '2023-07-24 06:51:42'),
(524, 11, 29, '2023-07-24 06:51:42', '2023-07-24 06:51:42'),
(525, 11, 30, '2023-07-24 06:51:42', '2023-07-24 06:51:42'),
(526, 11, 31, '2023-07-24 06:51:42', '2023-07-24 06:51:42'),
(527, 11, 32, '2023-07-24 06:51:42', '2023-07-24 06:51:42'),
(528, 11, 33, '2023-07-24 06:51:42', '2023-07-24 06:51:42'),
(529, 11, 15, '2023-07-24 06:51:42', '2023-07-24 06:51:42'),
(530, 6, 49, '2023-07-24 06:52:03', '2023-07-24 06:52:03'),
(531, 6, 51, '2023-07-24 06:52:03', '2023-07-24 06:52:03'),
(532, 6, 50, '2023-07-24 06:52:03', '2023-07-24 06:52:03'),
(533, 6, 52, '2023-07-24 06:52:03', '2023-07-24 06:52:03'),
(534, 6, 53, '2023-07-24 06:52:03', '2023-07-24 06:52:03'),
(535, 6, 54, '2023-07-24 06:52:03', '2023-07-24 06:52:03'),
(536, 6, 43, '2023-07-24 06:52:03', '2023-07-24 06:52:03'),
(537, 6, 45, '2023-07-24 06:52:03', '2023-07-24 06:52:03'),
(538, 6, 44, '2023-07-24 06:52:03', '2023-07-24 06:52:03'),
(539, 6, 46, '2023-07-24 06:52:03', '2023-07-24 06:52:03'),
(540, 6, 47, '2023-07-24 06:52:03', '2023-07-24 06:52:03'),
(541, 6, 48, '2023-07-24 06:52:03', '2023-07-24 06:52:03'),
(542, 6, 18, '2023-07-24 06:52:03', '2023-07-24 06:52:03'),
(543, 6, 19, '2023-07-24 06:52:03', '2023-07-24 06:52:03'),
(544, 6, 20, '2023-07-24 06:52:03', '2023-07-24 06:52:03'),
(545, 6, 21, '2023-07-24 06:52:03', '2023-07-24 06:52:03'),
(546, 6, 22, '2023-07-24 06:52:03', '2023-07-24 06:52:03'),
(547, 6, 23, '2023-07-24 06:52:03', '2023-07-24 06:52:03'),
(548, 6, 24, '2023-07-24 06:52:03', '2023-07-24 06:52:03'),
(549, 6, 25, '2023-07-24 06:52:03', '2023-07-24 06:52:03'),
(550, 6, 26, '2023-07-24 06:52:03', '2023-07-24 06:52:03'),
(551, 6, 27, '2023-07-24 06:52:03', '2023-07-24 06:52:03'),
(552, 6, 28, '2023-07-24 06:52:03', '2023-07-24 06:52:03'),
(553, 6, 29, '2023-07-24 06:52:03', '2023-07-24 06:52:03'),
(554, 6, 30, '2023-07-24 06:52:03', '2023-07-24 06:52:03'),
(555, 6, 31, '2023-07-24 06:52:03', '2023-07-24 06:52:03'),
(556, 6, 32, '2023-07-24 06:52:03', '2023-07-24 06:52:03'),
(557, 6, 33, '2023-07-24 06:52:03', '2023-07-24 06:52:03'),
(558, 6, 15, '2023-07-24 06:52:03', '2023-07-24 06:52:03'),
(559, 7, 49, '2023-07-24 06:52:26', '2023-07-24 06:52:26'),
(560, 7, 51, '2023-07-24 06:52:26', '2023-07-24 06:52:26'),
(561, 7, 54, '2023-07-24 06:52:26', '2023-07-24 06:52:26'),
(562, 7, 43, '2023-07-24 06:52:26', '2023-07-24 06:52:26'),
(563, 7, 45, '2023-07-24 06:52:26', '2023-07-24 06:52:26'),
(564, 7, 44, '2023-07-24 06:52:26', '2023-07-24 06:52:26'),
(565, 7, 48, '2023-07-24 06:52:26', '2023-07-24 06:52:26'),
(566, 7, 15, '2023-07-24 06:52:26', '2023-07-24 06:52:26'),
(567, 8, 49, '2023-07-24 06:53:03', '2023-07-24 06:53:03'),
(568, 8, 51, '2023-07-24 06:53:03', '2023-07-24 06:53:03'),
(569, 8, 50, '2023-07-24 06:53:03', '2023-07-24 06:53:03'),
(570, 8, 52, '2023-07-24 06:53:03', '2023-07-24 06:53:03'),
(571, 8, 53, '2023-07-24 06:53:03', '2023-07-24 06:53:03'),
(572, 8, 54, '2023-07-24 06:53:03', '2023-07-24 06:53:03'),
(573, 8, 43, '2023-07-24 06:53:03', '2023-07-24 06:53:03'),
(574, 8, 45, '2023-07-24 06:53:03', '2023-07-24 06:53:03'),
(575, 8, 44, '2023-07-24 06:53:03', '2023-07-24 06:53:03'),
(576, 8, 46, '2023-07-24 06:53:03', '2023-07-24 06:53:03'),
(577, 8, 47, '2023-07-24 06:53:03', '2023-07-24 06:53:03'),
(578, 8, 48, '2023-07-24 06:53:03', '2023-07-24 06:53:03'),
(579, 8, 18, '2023-07-24 06:53:03', '2023-07-24 06:53:03'),
(580, 8, 19, '2023-07-24 06:53:03', '2023-07-24 06:53:03'),
(581, 8, 20, '2023-07-24 06:53:03', '2023-07-24 06:53:03'),
(582, 8, 21, '2023-07-24 06:53:03', '2023-07-24 06:53:03'),
(583, 8, 22, '2023-07-24 06:53:03', '2023-07-24 06:53:03'),
(584, 8, 23, '2023-07-24 06:53:03', '2023-07-24 06:53:03'),
(585, 8, 24, '2023-07-24 06:53:03', '2023-07-24 06:53:03'),
(586, 8, 25, '2023-07-24 06:53:03', '2023-07-24 06:53:03'),
(587, 8, 26, '2023-07-24 06:53:03', '2023-07-24 06:53:03'),
(588, 8, 27, '2023-07-24 06:53:03', '2023-07-24 06:53:03'),
(589, 8, 28, '2023-07-24 06:53:03', '2023-07-24 06:53:03'),
(590, 8, 29, '2023-07-24 06:53:03', '2023-07-24 06:53:03'),
(591, 8, 30, '2023-07-24 06:53:03', '2023-07-24 06:53:03'),
(592, 8, 31, '2023-07-24 06:53:03', '2023-07-24 06:53:03'),
(593, 8, 32, '2023-07-24 06:53:03', '2023-07-24 06:53:03'),
(594, 8, 33, '2023-07-24 06:53:03', '2023-07-24 06:53:03'),
(595, 8, 34, '2023-07-24 06:53:03', '2023-07-24 06:53:03'),
(596, 8, 35, '2023-07-24 06:53:03', '2023-07-24 06:53:03'),
(597, 8, 36, '2023-07-24 06:53:03', '2023-07-24 06:53:03'),
(598, 8, 37, '2023-07-24 06:53:03', '2023-07-24 06:53:03'),
(599, 8, 7, '2023-07-24 06:53:03', '2023-07-24 06:53:03'),
(600, 8, 9, '2023-07-24 06:53:03', '2023-07-24 06:53:03'),
(601, 8, 8, '2023-07-24 06:53:03', '2023-07-24 06:53:03'),
(602, 8, 10, '2023-07-24 06:53:03', '2023-07-24 06:53:03'),
(603, 8, 11, '2023-07-24 06:53:03', '2023-07-24 06:53:03'),
(604, 8, 12, '2023-07-24 06:53:03', '2023-07-24 06:53:03'),
(605, 8, 14, '2023-07-24 06:53:03', '2023-07-24 06:53:03'),
(606, 8, 13, '2023-07-24 06:53:03', '2023-07-24 06:53:03'),
(607, 8, 15, '2023-07-24 06:53:03', '2023-07-24 06:53:03'),
(608, 8, 16, '2023-07-24 06:53:03', '2023-07-24 06:53:03'),
(609, 12, 49, '2023-07-24 06:55:31', '2023-07-24 06:55:31'),
(610, 12, 51, '2023-07-24 06:55:31', '2023-07-24 06:55:31'),
(611, 12, 50, '2023-07-24 06:55:31', '2023-07-24 06:55:31'),
(612, 12, 52, '2023-07-24 06:55:31', '2023-07-24 06:55:31'),
(613, 12, 54, '2023-07-24 06:55:31', '2023-07-24 06:55:31'),
(614, 12, 43, '2023-07-24 06:55:31', '2023-07-24 06:55:31'),
(615, 12, 45, '2023-07-24 06:55:31', '2023-07-24 06:55:31'),
(616, 12, 44, '2023-07-24 06:55:31', '2023-07-24 06:55:31'),
(617, 12, 46, '2023-07-24 06:55:31', '2023-07-24 06:55:31'),
(618, 12, 48, '2023-07-24 06:55:31', '2023-07-24 06:55:31'),
(619, 12, 15, '2023-07-24 06:55:31', '2023-07-24 06:55:31'),
(620, 13, 49, '2023-07-24 06:57:05', '2023-07-24 06:57:05'),
(621, 13, 51, '2023-07-24 06:57:05', '2023-07-24 06:57:05'),
(622, 13, 52, '2023-07-24 06:57:05', '2023-07-24 06:57:05'),
(623, 13, 54, '2023-07-24 06:57:05', '2023-07-24 06:57:05'),
(624, 13, 43, '2023-07-24 06:57:05', '2023-07-24 06:57:05'),
(625, 13, 45, '2023-07-24 06:57:05', '2023-07-24 06:57:05'),
(626, 13, 44, '2023-07-24 06:57:05', '2023-07-24 06:57:05'),
(627, 13, 46, '2023-07-24 06:57:05', '2023-07-24 06:57:05'),
(628, 13, 48, '2023-07-24 06:57:05', '2023-07-24 06:57:05'),
(629, 13, 15, '2023-07-24 06:57:05', '2023-07-24 06:57:05'),
(630, 14, 49, '2023-07-24 06:57:57', '2023-07-24 06:57:57'),
(631, 14, 51, '2023-07-24 06:57:57', '2023-07-24 06:57:57'),
(632, 14, 50, '2023-07-24 06:57:57', '2023-07-24 06:57:57'),
(633, 14, 52, '2023-07-24 06:57:57', '2023-07-24 06:57:57'),
(634, 14, 53, '2023-07-24 06:57:57', '2023-07-24 06:57:57'),
(635, 14, 54, '2023-07-24 06:57:57', '2023-07-24 06:57:57'),
(636, 14, 43, '2023-07-24 06:57:57', '2023-07-24 06:57:57'),
(637, 14, 45, '2023-07-24 06:57:57', '2023-07-24 06:57:57'),
(638, 14, 44, '2023-07-24 06:57:57', '2023-07-24 06:57:57'),
(639, 14, 46, '2023-07-24 06:57:57', '2023-07-24 06:57:57'),
(640, 14, 47, '2023-07-24 06:57:57', '2023-07-24 06:57:57'),
(641, 14, 48, '2023-07-24 06:57:57', '2023-07-24 06:57:57'),
(642, 14, 15, '2023-07-24 06:57:57', '2023-07-24 06:57:57'),
(643, 15, 49, '2023-07-24 06:59:01', '2023-07-24 06:59:01'),
(644, 15, 51, '2023-07-24 06:59:01', '2023-07-24 06:59:01'),
(645, 15, 52, '2023-07-24 06:59:01', '2023-07-24 06:59:01'),
(646, 15, 54, '2023-07-24 06:59:01', '2023-07-24 06:59:01'),
(647, 15, 43, '2023-07-24 06:59:01', '2023-07-24 06:59:01'),
(648, 15, 45, '2023-07-24 06:59:01', '2023-07-24 06:59:01'),
(649, 15, 44, '2023-07-24 06:59:01', '2023-07-24 06:59:01'),
(650, 15, 46, '2023-07-24 06:59:01', '2023-07-24 06:59:01'),
(651, 15, 48, '2023-07-24 06:59:01', '2023-07-24 06:59:01'),
(652, 15, 15, '2023-07-24 06:59:01', '2023-07-24 06:59:01'),
(653, 16, 49, '2023-07-24 07:03:57', '2023-07-24 07:03:57'),
(654, 16, 51, '2023-07-24 07:03:57', '2023-07-24 07:03:57'),
(655, 16, 50, '2023-07-24 07:03:57', '2023-07-24 07:03:57'),
(656, 16, 52, '2023-07-24 07:03:57', '2023-07-24 07:03:57'),
(657, 16, 53, '2023-07-24 07:03:57', '2023-07-24 07:03:57'),
(658, 16, 54, '2023-07-24 07:03:57', '2023-07-24 07:03:57'),
(659, 16, 43, '2023-07-24 07:03:57', '2023-07-24 07:03:57'),
(660, 16, 45, '2023-07-24 07:03:57', '2023-07-24 07:03:57'),
(661, 16, 44, '2023-07-24 07:03:57', '2023-07-24 07:03:57'),
(662, 16, 46, '2023-07-24 07:03:57', '2023-07-24 07:03:57'),
(663, 16, 47, '2023-07-24 07:03:57', '2023-07-24 07:03:57'),
(664, 16, 48, '2023-07-24 07:03:57', '2023-07-24 07:03:57'),
(665, 16, 15, '2023-07-24 07:03:57', '2023-07-24 07:03:57'),
(666, 1, 49, '2023-08-10 04:24:37', '2023-08-10 04:24:37'),
(667, 1, 51, '2023-08-10 04:24:37', '2023-08-10 04:24:37'),
(668, 1, 50, '2023-08-10 04:24:37', '2023-08-10 04:24:37'),
(669, 1, 52, '2023-08-10 04:24:37', '2023-08-10 04:24:37'),
(670, 1, 53, '2023-08-10 04:24:37', '2023-08-10 04:24:37'),
(671, 1, 54, '2023-08-10 04:24:37', '2023-08-10 04:24:37'),
(672, 1, 43, '2023-08-10 04:24:37', '2023-08-10 04:24:37'),
(673, 1, 45, '2023-08-10 04:24:37', '2023-08-10 04:24:37'),
(674, 1, 44, '2023-08-10 04:24:37', '2023-08-10 04:24:37'),
(675, 1, 46, '2023-08-10 04:24:37', '2023-08-10 04:24:37'),
(676, 1, 47, '2023-08-10 04:24:37', '2023-08-10 04:24:37'),
(677, 1, 48, '2023-08-10 04:24:37', '2023-08-10 04:24:37'),
(678, 1, 18, '2023-08-10 04:24:37', '2023-08-10 04:24:37'),
(679, 1, 19, '2023-08-10 04:24:37', '2023-08-10 04:24:37'),
(680, 1, 20, '2023-08-10 04:24:37', '2023-08-10 04:24:37'),
(681, 1, 21, '2023-08-10 04:24:37', '2023-08-10 04:24:37'),
(682, 1, 22, '2023-08-10 04:24:37', '2023-08-10 04:24:37'),
(683, 1, 23, '2023-08-10 04:24:37', '2023-08-10 04:24:37'),
(684, 1, 24, '2023-08-10 04:24:37', '2023-08-10 04:24:37'),
(685, 1, 25, '2023-08-10 04:24:37', '2023-08-10 04:24:37'),
(686, 1, 26, '2023-08-10 04:24:37', '2023-08-10 04:24:37'),
(687, 1, 27, '2023-08-10 04:24:37', '2023-08-10 04:24:37'),
(688, 1, 28, '2023-08-10 04:24:37', '2023-08-10 04:24:37'),
(689, 1, 29, '2023-08-10 04:24:37', '2023-08-10 04:24:37'),
(690, 1, 30, '2023-08-10 04:24:37', '2023-08-10 04:24:37'),
(691, 1, 31, '2023-08-10 04:24:37', '2023-08-10 04:24:37'),
(692, 1, 32, '2023-08-10 04:24:37', '2023-08-10 04:24:37'),
(693, 1, 33, '2023-08-10 04:24:37', '2023-08-10 04:24:37'),
(694, 1, 2, '2023-08-10 04:24:37', '2023-08-10 04:24:37'),
(695, 1, 4, '2023-08-10 04:24:37', '2023-08-10 04:24:37'),
(696, 1, 3, '2023-08-10 04:24:37', '2023-08-10 04:24:37'),
(697, 1, 5, '2023-08-10 04:24:37', '2023-08-10 04:24:37'),
(698, 1, 6, '2023-08-10 04:24:37', '2023-08-10 04:24:37'),
(699, 1, 34, '2023-08-10 04:24:37', '2023-08-10 04:24:37'),
(700, 1, 35, '2023-08-10 04:24:37', '2023-08-10 04:24:37'),
(701, 1, 36, '2023-08-10 04:24:37', '2023-08-10 04:24:37'),
(702, 1, 37, '2023-08-10 04:24:37', '2023-08-10 04:24:37'),
(703, 1, 7, '2023-08-10 04:24:37', '2023-08-10 04:24:37'),
(704, 1, 9, '2023-08-10 04:24:37', '2023-08-10 04:24:37'),
(705, 1, 8, '2023-08-10 04:24:37', '2023-08-10 04:24:37'),
(706, 1, 10, '2023-08-10 04:24:37', '2023-08-10 04:24:37'),
(707, 1, 11, '2023-08-10 04:24:37', '2023-08-10 04:24:37'),
(708, 1, 12, '2023-08-10 04:24:37', '2023-08-10 04:24:37'),
(709, 1, 14, '2023-08-10 04:24:37', '2023-08-10 04:24:37'),
(710, 1, 13, '2023-08-10 04:24:37', '2023-08-10 04:24:37'),
(711, 1, 15, '2023-08-10 04:24:37', '2023-08-10 04:24:37'),
(712, 1, 16, '2023-08-10 04:24:37', '2023-08-10 04:24:37'),
(713, 1, 55, '2023-08-10 04:24:37', '2023-08-10 04:24:37'),
(714, 1, 56, '2023-08-10 04:24:37', '2023-08-10 04:24:37'),
(715, 1, 57, '2023-08-10 04:24:37', '2023-08-10 04:24:37'),
(716, 1, 58, '2023-08-10 04:24:37', '2023-08-10 04:24:37'),
(717, 1, 17, '2023-08-10 04:24:37', '2023-08-10 04:24:37'),
(718, 1, 59, '2023-08-10 04:24:37', '2023-08-10 04:24:37'),
(719, 1, 60, '2023-08-10 04:24:37', '2023-08-10 04:24:37'),
(720, 1, 61, '2023-08-10 04:24:37', '2023-08-10 04:24:37'),
(721, 1, 62, '2023-08-10 04:24:37', '2023-08-10 04:24:37');

-- --------------------------------------------------------

--
-- Table structure for table `master_derajat_surats`
--

CREATE TABLE `master_derajat_surats` (
  `id_derajat_surats` bigint(20) UNSIGNED NOT NULL,
  `nama_derajat_surats` varchar(255) NOT NULL,
  `created_at` timestamp NULL DEFAULT NULL,
  `updated_at` timestamp NULL DEFAULT NULL,
  `deleted_at` timestamp NULL DEFAULT NULL
) ENGINE=InnoDB DEFAULT CHARSET=utf8mb4 COLLATE=utf8mb4_unicode_ci;

--
-- Dumping data for table `master_derajat_surats`
--

INSERT INTO `master_derajat_surats` (`id_derajat_surats`, `nama_derajat_surats`, `created_at`, `updated_at`, `deleted_at`) VALUES
(1, 'Biasa', '2023-07-20 05:40:22', NULL, NULL),
(2, 'Segera', '2023-07-20 05:40:26', NULL, NULL),
(3, 'Sangat Segera', '2023-07-20 05:40:29', NULL, NULL);

-- --------------------------------------------------------

--
-- Table structure for table `master_disposisi_surats`
--

CREATE TABLE `master_disposisi_surats` (
  `id_disposisi_surats` bigint(20) UNSIGNED NOT NULL,
  `nama_disposisi_surats` varchar(255) NOT NULL,
  `created_at` timestamp NULL DEFAULT NULL,
  `updated_at` timestamp NULL DEFAULT NULL,
  `deleted_at` timestamp NULL DEFAULT NULL
) ENGINE=InnoDB DEFAULT CHARSET=utf8mb4 COLLATE=utf8mb4_unicode_ci;

--
-- Dumping data for table `master_disposisi_surats`
--

INSERT INTO `master_disposisi_surats` (`id_disposisi_surats`, `nama_disposisi_surats`, `created_at`, `updated_at`, `deleted_at`) VALUES
(1, 'Untuk Diketahui/digunakan', '2023-07-20 05:38:55', NULL, NULL),
(2, 'Untuk Arsip/file', '2023-07-20 05:39:01', NULL, NULL),
(3, 'Minta Saran/pertimbangan', '2023-07-20 05:39:14', NULL, NULL),
(4, 'Siapkan Bahan', '2023-07-20 05:39:18', NULL, NULL),
(5, 'Harap Selesaikan/ditindaklanjuti', '2023-07-20 05:39:26', NULL, NULL),
(6, 'Harap Mewakili/hadiri/tugaskan staff', '2023-07-20 05:39:38', NULL, NULL),
(7, 'Selesaikan sesuai disposisi pimpinan', '2023-07-20 05:39:47', NULL, NULL),
(8, 'Jadwalkan/agendakan', '2023-07-20 05:39:54', NULL, NULL),
(9, 'Koordinasikan Dengan Departement terkait', '2023-07-20 05:40:05', '2023-07-24 02:29:16', NULL),
(10, 'Hadir Bersama', '2023-07-20 05:40:12', NULL, NULL);

-- --------------------------------------------------------

--
-- Table structure for table `master_divisis`
--

CREATE TABLE `master_divisis` (
  `id_divisis` bigint(20) UNSIGNED NOT NULL,
  `nama_divisis` varchar(255) NOT NULL,
  `created_at` timestamp NULL DEFAULT NULL,
  `updated_at` timestamp NULL DEFAULT NULL,
  `deleted_at` timestamp NULL DEFAULT NULL
) ENGINE=InnoDB DEFAULT CHARSET=utf8mb4 COLLATE=utf8mb4_unicode_ci;

--
-- Dumping data for table `master_divisis`
--

INSERT INTO `master_divisis` (`id_divisis`, `nama_divisis`, `created_at`, `updated_at`, `deleted_at`) VALUES
(1, 'Direktur Utama', '2023-07-20 06:02:16', NULL, NULL),
(2, 'Corporate Secretary', '2023-07-23 04:37:38', '2023-07-24 07:25:07', NULL),
(3, 'Personal Assistant', '2023-07-23 04:38:09', '2023-07-24 02:32:59', NULL),
(4, 'Planning Portofolio & IT', '2023-07-24 02:33:23', '2023-07-24 07:25:21', NULL),
(5, 'Operation', '2023-07-24 02:33:40', '2023-07-24 07:25:47', NULL),
(6, 'Finance & Compliance', '2023-07-24 02:33:56', '2023-07-24 07:25:30', NULL),
(7, 'Corporate Planning', '2023-07-24 02:34:09', NULL, NULL),
(8, 'IT & Digitization', '2023-07-24 02:34:22', NULL, NULL),
(9, 'Project Design & Planning', '2023-07-24 02:34:36', NULL, NULL),
(10, 'Project Management', '2023-07-24 02:34:48', NULL, NULL),
(11, 'Risk Management & Bussines Performance', '2023-07-24 02:35:12', NULL, NULL),
(12, 'Accounting & Budgeting', '2023-07-24 02:35:24', NULL, NULL),
(13, 'Treasury & Tax', '2023-07-24 02:35:35', NULL, NULL),
(14, 'HC & GA', '2023-07-24 02:35:43', NULL, NULL),
(15, 'Legal & Procurement', '2023-07-24 02:36:02', NULL, NULL);

-- --------------------------------------------------------

--
-- Table structure for table `master_fiturs`
--

CREATE TABLE `master_fiturs` (
  `id_fiturs` bigint(20) UNSIGNED NOT NULL,
  `menus_id` bigint(20) UNSIGNED NOT NULL,
  `nama_fiturs` varchar(255) NOT NULL,
  `created_at` timestamp NULL DEFAULT NULL,
  `updated_at` timestamp NULL DEFAULT NULL
) ENGINE=InnoDB DEFAULT CHARSET=utf8mb4 COLLATE=utf8mb4_unicode_ci;

--
-- Dumping data for table `master_fiturs`
--

INSERT INTO `master_fiturs` (`id_fiturs`, `menus_id`, `nama_fiturs`, `created_at`, `updated_at`) VALUES
(1, 1, 'lihat', '2022-08-06 20:52:45', '2022-08-06 20:52:45'),
(2, 2, 'lihat', '2022-08-06 20:52:45', '2022-08-06 20:52:45'),
(3, 2, 'tambah', '2022-08-06 20:52:45', '2022-08-06 20:52:45'),
(4, 2, 'baca', '2022-08-06 20:52:45', '2022-08-06 20:52:45'),
(5, 2, 'edit', '2022-08-06 20:52:45', '2022-08-06 20:52:45'),
(6, 2, 'hapus', '2022-08-06 20:52:45', '2022-08-06 20:52:45'),
(7, 3, 'lihat', '2022-08-06 20:52:45', '2022-08-06 20:52:45'),
(8, 3, 'tambah', '2022-08-06 20:52:45', '2022-08-06 20:52:45'),
(9, 3, 'baca', '2022-08-06 20:52:45', '2022-08-06 20:52:45'),
(10, 3, 'edit', '2022-08-06 20:52:45', '2022-08-06 20:52:45'),
(11, 3, 'hapus', '2022-08-06 20:52:45', '2022-08-06 20:52:45'),
(12, 4, 'lihat', '2022-08-06 20:52:45', '2022-08-06 20:52:45'),
(13, 4, 'tambah', '2022-08-06 20:52:45', '2022-08-06 20:52:45'),
(14, 4, 'baca', '2022-08-06 20:52:45', '2022-08-06 20:52:45'),
(15, 4, 'edit', '2022-08-06 20:52:45', '2022-08-06 20:52:45'),
(16, 4, 'hapus', '2022-08-06 20:52:45', '2022-08-06 20:52:45'),
(17, 5, 'lihat', '2022-08-06 20:52:45', '2022-08-06 20:52:45'),
(18, 8, 'lihat', NULL, NULL),
(19, 8, 'tambah', NULL, NULL),
(20, 8, 'edit', NULL, NULL),
(21, 8, 'hapus', NULL, NULL),
(22, 9, 'lihat', NULL, NULL),
(23, 9, 'tambah', NULL, NULL),
(24, 9, 'edit', NULL, NULL),
(25, 9, 'hapus', NULL, NULL),
(26, 10, 'lihat', NULL, NULL),
(27, 10, 'tambah', NULL, NULL),
(28, 10, 'edit', NULL, NULL),
(29, 10, 'hapus', NULL, NULL),
(30, 11, 'lihat', NULL, NULL),
(31, 11, 'tambah', NULL, NULL),
(32, 11, 'edit', NULL, NULL),
(33, 11, 'hapus', NULL, NULL),
(34, 12, 'lihat', NULL, NULL),
(35, 12, 'tambah', NULL, NULL),
(36, 12, 'edit', NULL, NULL),
(37, 12, 'hapus', NULL, NULL),
(43, 14, 'lihat', NULL, NULL),
(44, 14, 'tambah', NULL, NULL),
(45, 14, 'baca', NULL, NULL),
(46, 14, 'edit', NULL, NULL),
(47, 14, 'hapus', NULL, NULL),
(48, 14, 'cetak', NULL, NULL),
(49, 13, 'lihat', NULL, '2023-07-21 04:34:51'),
(50, 13, 'tambah', NULL, '2023-07-21 04:34:51'),
(51, 13, 'baca', NULL, '2023-07-21 04:34:51'),
(52, 13, 'edit', NULL, '2023-07-21 04:34:51'),
(53, 13, 'hapus', NULL, '2023-07-21 04:34:51'),
(54, 13, 'cetak', NULL, '2023-07-21 04:34:51'),
(55, 15, 'lihat', NULL, NULL),
(56, 15, 'tambah', NULL, NULL),
(57, 15, 'edit', NULL, NULL),
(58, 15, 'hapus', NULL, NULL),
(59, 16, 'lihat', NULL, NULL),
(60, 16, 'tambah', NULL, NULL),
(61, 16, 'edit', NULL, NULL),
(62, 16, 'hapus', NULL, NULL);

-- --------------------------------------------------------

--
-- Table structure for table `master_klasifikasi_surats`
--

CREATE TABLE `master_klasifikasi_surats` (
  `id_klasifikasi_surats` bigint(20) UNSIGNED NOT NULL,
  `nama_klasifikasi_surats` varchar(255) NOT NULL,
  `created_at` timestamp NULL DEFAULT NULL,
  `updated_at` timestamp NULL DEFAULT NULL,
  `deleted_at` timestamp NULL DEFAULT NULL
) ENGINE=InnoDB DEFAULT CHARSET=utf8mb4 COLLATE=utf8mb4_unicode_ci;

--
-- Dumping data for table `master_klasifikasi_surats`
--

INSERT INTO `master_klasifikasi_surats` (`id_klasifikasi_surats`, `nama_klasifikasi_surats`, `created_at`, `updated_at`, `deleted_at`) VALUES
(1, 'Surat Kuasa', '2023-07-20 05:37:14', NULL, NULL),
(2, 'Surat Tugas', '2023-07-20 05:37:23', NULL, NULL),
(3, 'Surat Edaran', '2023-07-20 05:37:26', NULL, NULL),
(4, 'Surat Keterangan', '2023-07-20 05:37:31', NULL, NULL),
(5, 'Surat Peringatan', '2023-07-20 05:37:37', NULL, NULL),
(6, 'Surat Perjanjian', '2023-07-20 05:37:42', NULL, NULL),
(7, 'Surat Undangan', '2023-07-20 05:37:46', NULL, NULL),
(8, 'Nota Dinas', '2023-07-20 05:37:51', NULL, NULL),
(9, 'Surat Lain-Lain', '2023-07-20 05:38:03', NULL, NULL),
(10, 'Draft Pembahasan', '2023-07-20 05:38:08', NULL, NULL),
(11, 'Surat Keputusan', '2023-07-20 05:38:12', NULL, NULL),
(12, 'Laporan', '2023-07-20 05:38:17', NULL, NULL),
(13, 'Surat Rahasia', '2023-07-20 05:38:22', NULL, NULL);

-- --------------------------------------------------------

--
-- Table structure for table `master_konfigurasi_aplikasis`
--

CREATE TABLE `master_konfigurasi_aplikasis` (
  `id_konfigurasi_aplikasis` bigint(20) UNSIGNED NOT NULL,
  `nama_konfigurasi_aplikasis` varchar(255) NOT NULL,
  `email_konfigurasi_aplikasis` varchar(255) NOT NULL,
  `telepon_konfigurasi_aplikasis` varchar(255) NOT NULL,
  `deskripsi_konfigurasi_aplikasis` longtext NOT NULL,
  `keywords_konfigurasi_aplikasis` longtext NOT NULL,
  `icon_konfigurasi_aplikasis` varchar(255) NOT NULL,
  `logo_konfigurasi_aplikasis` varchar(255) NOT NULL,
  `logo_text_konfigurasi_aplikasis` varchar(255) NOT NULL,
  `background_website_konfigurasi_aplikasis` varchar(255) NOT NULL,
  `created_at` timestamp NULL DEFAULT NULL,
  `updated_at` timestamp NULL DEFAULT NULL
) ENGINE=InnoDB DEFAULT CHARSET=utf8mb4 COLLATE=utf8mb4_unicode_ci;

--
-- Dumping data for table `master_konfigurasi_aplikasis`
--

INSERT INTO `master_konfigurasi_aplikasis` (`id_konfigurasi_aplikasis`, `nama_konfigurasi_aplikasis`, `email_konfigurasi_aplikasis`, `telepon_konfigurasi_aplikasis`, `deskripsi_konfigurasi_aplikasis`, `keywords_konfigurasi_aplikasis`, `icon_konfigurasi_aplikasis`, `logo_konfigurasi_aplikasis`, `logo_text_konfigurasi_aplikasis`, `background_website_konfigurasi_aplikasis`, `created_at`, `updated_at`) VALUES
(1, 'Memotis', 'info@memotis.com', '022-872-45817', 'Organize your entire life', 'memotis,agenda,eagenda,gys,graha,yasa,selaras,graha yasa selaras,laravel,app', 'logo/icon.png', 'logo/logo.png', 'logo/20230724160645logotext.png', 'logo/20230724161443AKHLAK-1.png', NULL, '2023-07-24 09:14:43');

-- --------------------------------------------------------

--
-- Table structure for table `master_level_sistems`
--

CREATE TABLE `master_level_sistems` (
  `id_level_sistems` bigint(20) UNSIGNED NOT NULL,
  `level_sistems_id` bigint(20) UNSIGNED DEFAULT NULL,
  `divisis_id` bigint(20) UNSIGNED DEFAULT NULL,
  `nama_level_sistems` varchar(255) NOT NULL,
  `created_at` timestamp NULL DEFAULT NULL,
  `updated_at` timestamp NULL DEFAULT NULL,
  `deleted_at` timestamp NULL DEFAULT NULL
) ENGINE=InnoDB DEFAULT CHARSET=utf8mb4 COLLATE=utf8mb4_unicode_ci;

--
-- Dumping data for table `master_level_sistems`
--

INSERT INTO `master_level_sistems` (`id_level_sistems`, `level_sistems_id`, `divisis_id`, `nama_level_sistems`, `created_at`, `updated_at`, `deleted_at`) VALUES
(1, NULL, NULL, 'Developer', '2023-07-19 12:36:53', '2023-08-10 04:24:37', NULL),
(2, NULL, NULL, 'Direktur', '2023-07-24 02:38:25', '2023-07-24 02:38:25', NULL),
(3, 2, 2, 'VP Corporate Secretary', '2023-07-24 02:40:12', '2023-07-24 06:48:37', NULL),
(4, 2, 5, 'GM Operation', '2023-07-24 02:41:18', '2023-07-24 06:48:57', NULL),
(5, 2, 6, 'VP Finance & Compliance', '2023-07-24 02:42:55', '2023-07-24 06:49:27', NULL),
(6, 3, 2, 'Personal Assistant', '2023-07-24 05:06:53', '2023-07-24 06:52:03', NULL),
(7, 11, 4, 'Corporate Planning', '2023-07-24 05:10:58', '2023-07-24 06:52:26', NULL),
(8, 11, 4, 'IT & Digitization', '2023-07-24 05:11:43', '2023-07-24 06:53:03', NULL),
(9, 4, 5, 'Project Design & Planning', '2023-07-24 05:13:08', '2023-07-24 05:13:08', NULL),
(10, 4, 5, 'Project Management', '2023-07-24 05:16:58', '2023-07-24 05:16:58', NULL),
(11, 2, 4, 'VP Planning Portofolio & IT', '2023-07-24 06:51:42', '2023-07-24 06:51:42', NULL),
(12, 5, 6, 'Risk Management & Bussines Performance', '2023-07-24 06:55:31', '2023-07-24 06:55:31', NULL),
(13, 5, 6, 'Accounting & Budgeting', '2023-07-24 06:57:05', '2023-07-24 06:57:05', NULL),
(14, 5, 6, 'Treasury & Tax', '2023-07-24 06:57:57', '2023-07-24 06:57:57', NULL),
(15, 5, 6, 'HC & GA', '2023-07-24 06:59:01', '2023-07-24 06:59:01', NULL),
(16, 5, 6, 'Legal & Procurement', '2023-07-24 07:03:57', '2023-07-24 07:03:57', NULL);

-- --------------------------------------------------------

--
-- Table structure for table `master_menus`
--

CREATE TABLE `master_menus` (
  `id_menus` bigint(20) UNSIGNED NOT NULL,
  `menus_id` bigint(20) UNSIGNED DEFAULT NULL,
  `nama_menus` varchar(255) NOT NULL,
  `icon_menus` varchar(255) NOT NULL,
  `link_menus` varchar(255) NOT NULL,
  `order_menus` int(11) NOT NULL,
  `created_at` timestamp NULL DEFAULT NULL,
  `updated_at` timestamp NULL DEFAULT NULL
) ENGINE=InnoDB DEFAULT CHARSET=utf8mb4 COLLATE=utf8mb4_unicode_ci;

--
-- Dumping data for table `master_menus`
--

INSERT INTO `master_menus` (`id_menus`, `menus_id`, `nama_menus`, `icon_menus`, `link_menus`, `order_menus`, `created_at`, `updated_at`) VALUES
(1, NULL, 'Konfigurasi', 'cil-settings', '', 3, '2022-08-06 20:52:45', '2023-07-20 02:36:50'),
(2, 1, 'Menu', 'cil-border-all', 'menu', 6, '2022-08-06 20:52:45', '2023-08-10 04:26:21'),
(3, 1, 'Level Sistem', 'cil-lan', 'level_sistem', 8, '2022-08-06 20:52:45', '2023-08-10 04:26:21'),
(4, 1, 'Admin', 'cil-user', 'admin', 9, '2022-08-06 20:52:45', '2023-08-10 04:26:21'),
(5, 1, 'Konfigurasi Aplikasi', 'cil-applications-settings', 'konfigurasi_aplikasi', 11, '2022-08-06 20:52:45', '2023-08-10 04:26:21'),
(6, NULL, 'Apps', 'cil-applications', '', 1, '2023-07-20 02:35:07', '2023-07-21 04:34:03'),
(8, 1, 'Klasifikasi Surat', 'cil-tag', 'klasifikasi_surat', 1, '2023-07-20 03:46:50', '2023-08-10 04:26:21'),
(9, 1, 'Disposisi Surat', 'cil-check', 'disposisi_surat', 2, '2023-07-20 03:47:24', '2023-08-10 04:26:21'),
(10, 1, 'Derajat Surat', 'cil-tags', 'derajat_surat', 3, '2023-07-20 03:47:44', '2023-08-10 04:26:21'),
(11, 1, 'Sifat Surat', 'cil-share-alt', 'sifat_surat', 4, '2023-07-20 03:48:04', '2023-08-10 04:26:21'),
(12, 1, 'Divisi', 'cil-asterisk-circle', 'divisi', 7, '2023-07-20 06:09:35', '2023-08-10 04:26:21'),
(13, 6, 'Surat', 'cil-envelope-open', 'surat', 1, '2023-07-21 04:34:27', '2023-07-21 04:34:51'),
(14, 6, 'MOM', 'cil-notes', 'mom', 2, '2023-07-21 04:34:47', '2023-07-21 04:34:47'),
(15, 1, 'Sosial Media', 'cil-share-all', 'sosial_media', 10, '2023-07-21 05:39:41', '2023-08-10 04:26:21'),
(16, 1, 'Status Tugas', 'cil-info', 'status_tugas', 5, '2023-08-10 04:21:12', '2023-08-10 04:26:21');

-- --------------------------------------------------------

--
-- Table structure for table `master_sifat_surats`
--

CREATE TABLE `master_sifat_surats` (
  `id_sifat_surats` bigint(20) UNSIGNED NOT NULL,
  `nama_sifat_surats` varchar(255) NOT NULL,
  `created_at` timestamp NULL DEFAULT NULL,
  `updated_at` timestamp NULL DEFAULT NULL,
  `deleted_at` timestamp NULL DEFAULT NULL
) ENGINE=InnoDB DEFAULT CHARSET=utf8mb4 COLLATE=utf8mb4_unicode_ci;

--
-- Dumping data for table `master_sifat_surats`
--

INSERT INTO `master_sifat_surats` (`id_sifat_surats`, `nama_sifat_surats`, `created_at`, `updated_at`, `deleted_at`) VALUES
(1, 'Biasa', '2023-07-20 05:40:41', NULL, NULL),
(2, 'Rahasia', '2023-07-20 05:40:46', NULL, NULL),
(3, 'Sangat Rahasia', '2023-07-20 05:40:53', NULL, NULL);

-- --------------------------------------------------------

--
-- Table structure for table `master_sosial_medias`
--

CREATE TABLE `master_sosial_medias` (
  `id_sosial_medias` bigint(20) UNSIGNED NOT NULL,
  `icon_sosial_medias` varchar(255) NOT NULL,
  `nama_sosial_medias` varchar(255) NOT NULL,
  `url_sosial_medias` varchar(255) NOT NULL,
  `created_at` timestamp NULL DEFAULT NULL,
  `updated_at` timestamp NULL DEFAULT NULL
) ENGINE=InnoDB DEFAULT CHARSET=utf8mb4 COLLATE=utf8mb4_unicode_ci;

-- --------------------------------------------------------

--
-- Table structure for table `master_status_tugas`
--

CREATE TABLE `master_status_tugas` (
  `id_status_tugas` bigint(20) UNSIGNED NOT NULL,
  `nama_status_tugas` varchar(255) NOT NULL,
  `created_at` timestamp NULL DEFAULT NULL,
  `updated_at` timestamp NULL DEFAULT NULL,
  `deleted_at` timestamp NULL DEFAULT NULL
) ENGINE=InnoDB DEFAULT CHARSET=utf8mb4 COLLATE=utf8mb4_unicode_ci;

--
-- Dumping data for table `master_status_tugas`
--

INSERT INTO `master_status_tugas` (`id_status_tugas`, `nama_status_tugas`, `created_at`, `updated_at`, `deleted_at`) VALUES
(1, 'On Follow Up', '2023-08-10 04:33:48', NULL, NULL),
(2, 'In Progress', '2023-08-10 04:33:53', NULL, NULL),
(3, 'Under Review', '2023-08-10 04:34:00', NULL, NULL),
(4, 'Done', '2023-08-10 04:34:04', NULL, NULL);

-- --------------------------------------------------------

--
-- Table structure for table `migrations`
--

CREATE TABLE `migrations` (
  `id` int(10) UNSIGNED NOT NULL,
  `migration` varchar(255) NOT NULL,
  `batch` int(11) NOT NULL
) ENGINE=InnoDB DEFAULT CHARSET=utf8mb4 COLLATE=utf8mb4_unicode_ci;

--
-- Dumping data for table `migrations`
--

INSERT INTO `migrations` (`id`, `migration`, `batch`) VALUES
(1, '2014_01_01_000000_create_master_level_sistems_table', 1),
(2, '2014_10_12_000000_create_users_table', 1),
(3, '2014_10_12_100000_create_password_reset_tokens_table', 1),
(4, '2014_10_12_200000_add_two_factor_columns_to_users_table', 1),
(5, '2019_08_19_000000_create_failed_jobs_table', 1),
(6, '2019_12_14_000001_create_personal_access_tokens_table', 1),
(7, '2023_07_19_121759_create_sessions_table', 1),
(8, '2023_07_19_122751_create_master_konfigurasi_aplikasis_table', 1),
(9, '2023_07_19_122818_create_master_menus_table', 1),
(10, '2023_07_19_122824_create_master_fiturs_table', 1),
(11, '2023_07_19_122835_create_master_akses_table', 1),
(12, '2023_07_20_102220_create_master_klasifikasi_surats_table', 2),
(13, '2023_07_20_102241_create_master_disposisi_surats_table', 2),
(14, '2023_07_20_102302_create_master_derajat_surats_table', 2),
(15, '2023_07_20_102314_create_master_sifat_surats_table', 2),
(16, '2023_07_20_125405_create_master_divisis_table', 3),
(17, '2023_07_21_123504_create_master_sosial_media_table', 4),
(18, '2023_07_21_151451_create_moms_table', 5),
(19, '2023_07_24_222754_create_surats_table', 7),
(20, '2023_07_24_222802_create_surat_users_table', 7),
(21, '2023_07_24_224358_create_surat_lampirans_table', 7),
(22, '2023_08_09_182932_create_mom_user_externals_table', 8),
(23, '2023_08_09_201113_create_master_status_tugas_table', 9),
(24, '2023_08_09_201114_create_mom_users_table', 9);

-- --------------------------------------------------------

--
-- Table structure for table `moms`
--

CREATE TABLE `moms` (
  `id_moms` bigint(20) UNSIGNED NOT NULL,
  `moms_id` bigint(20) UNSIGNED DEFAULT NULL,
  `users_id` bigint(20) UNSIGNED DEFAULT NULL,
  `kategori_moms` varchar(255) NOT NULL,
  `no_moms` varchar(255) NOT NULL,
  `judul_moms` varchar(255) NOT NULL,
  `tanggal_mulai_moms` datetime NOT NULL,
  `tanggal_selesai_moms` datetime NOT NULL,
  `venue_moms` varchar(255) NOT NULL,
  `deskripsi_moms` longtext NOT NULL,
  `created_at` timestamp NULL DEFAULT NULL,
  `updated_at` timestamp NULL DEFAULT NULL
) ENGINE=InnoDB DEFAULT CHARSET=utf8mb4 COLLATE=utf8mb4_unicode_ci;

--
-- Dumping data for table `moms`
--

INSERT INTO `moms` (`id_moms`, `moms_id`, `users_id`, `kategori_moms`, `no_moms`, `judul_moms`, `tanggal_mulai_moms`, `tanggal_selesai_moms`, `venue_moms`, `deskripsi_moms`, `created_at`, `updated_at`) VALUES
(1, NULL, 1, 'Internal', 'MOM/0001/08/2023', 'test', '2023-08-10 15:37:09', '2023-08-10 15:37:09', 'test', '<p>test 123</p>', '2023-08-10 09:14:38', NULL);

-- --------------------------------------------------------

--
-- Table structure for table `mom_users`
--

CREATE TABLE `mom_users` (
  `id_mom_users` bigint(20) UNSIGNED NOT NULL,
  `moms_id` bigint(20) UNSIGNED DEFAULT NULL,
  `users_id` bigint(20) UNSIGNED DEFAULT NULL,
  `status_tugas_id` bigint(20) UNSIGNED DEFAULT NULL,
  `tugas_mom_users` longtext NOT NULL,
  `catatan_mom_users` longtext NOT NULL,
  `status_baca_mom_users` tinyint(1) NOT NULL DEFAULT 0,
  `created_at` timestamp NULL DEFAULT NULL,
  `updated_at` timestamp NULL DEFAULT NULL
) ENGINE=InnoDB DEFAULT CHARSET=utf8mb4 COLLATE=utf8mb4_unicode_ci;

--
-- Dumping data for table `mom_users`
--

INSERT INTO `mom_users` (`id_mom_users`, `moms_id`, `users_id`, `status_tugas_id`, `tugas_mom_users`, `catatan_mom_users`, `status_baca_mom_users`, `created_at`, `updated_at`) VALUES
(1, 1, 3, 1, '- test 1\r\n- test 2', '- test 4', 0, '2023-08-10 09:14:38', NULL),
(2, 1, 5, 2, '- test 3', 'test 5, 6', 0, '2023-08-10 09:14:38', NULL);

-- --------------------------------------------------------

--
-- Table structure for table `mom_user_externals`
--

CREATE TABLE `mom_user_externals` (
  `id_mom_user_externals` bigint(20) UNSIGNED NOT NULL,
  `moms_id` bigint(20) UNSIGNED DEFAULT NULL,
  `nama_user_externals` varchar(255) NOT NULL,
  `created_at` timestamp NULL DEFAULT NULL,
  `updated_at` timestamp NULL DEFAULT NULL
) ENGINE=InnoDB DEFAULT CHARSET=utf8mb4 COLLATE=utf8mb4_unicode_ci;

-- --------------------------------------------------------

--
-- Table structure for table `password_reset_tokens`
--

CREATE TABLE `password_reset_tokens` (
  `email` varchar(255) NOT NULL,
  `token` varchar(255) NOT NULL,
  `created_at` timestamp NULL DEFAULT NULL
) ENGINE=InnoDB DEFAULT CHARSET=utf8mb4 COLLATE=utf8mb4_unicode_ci;

-- --------------------------------------------------------

--
-- Table structure for table `personal_access_tokens`
--

CREATE TABLE `personal_access_tokens` (
  `id` bigint(20) UNSIGNED NOT NULL,
  `tokenable_type` varchar(255) NOT NULL,
  `tokenable_id` bigint(20) UNSIGNED NOT NULL,
  `name` varchar(255) NOT NULL,
  `token` varchar(64) NOT NULL,
  `abilities` text DEFAULT NULL,
  `last_used_at` timestamp NULL DEFAULT NULL,
  `expires_at` timestamp NULL DEFAULT NULL,
  `created_at` timestamp NULL DEFAULT NULL,
  `updated_at` timestamp NULL DEFAULT NULL
) ENGINE=InnoDB DEFAULT CHARSET=utf8mb4 COLLATE=utf8mb4_unicode_ci;

-- --------------------------------------------------------

--
-- Table structure for table `sessions`
--

CREATE TABLE `sessions` (
  `id` varchar(255) NOT NULL,
  `user_id` bigint(20) UNSIGNED DEFAULT NULL,
  `ip_address` varchar(45) DEFAULT NULL,
  `user_agent` text DEFAULT NULL,
  `payload` longtext NOT NULL,
  `last_activity` int(11) NOT NULL
) ENGINE=InnoDB DEFAULT CHARSET=utf8mb4 COLLATE=utf8mb4_unicode_ci;

--
-- Dumping data for table `sessions`
--

INSERT INTO `sessions` (`id`, `user_id`, `ip_address`, `user_agent`, `payload`, `last_activity`) VALUES
('9cddpG8TSiHkBVpAQP9X7G5fqXryGsJ7mhDAoQ2m', NULL, '103.56.204.42', 'Mozilla/5.0 AppleWebKit/537.36 (KHTML, like Gecko; compatible; bingbot/2.0; +http://www.bing.com/bingbot.htm) Chrome/103.0.5060.134 Safari/537.36', 'YTozOntzOjY6Il90b2tlbiI7czo0MDoiNkxwNmdqV0JRNXp6V0xDSkF4eVhZU1BEV2p6NWJ2bWNTcmZWN3ZIMSI7czo5OiJfcHJldmlvdXMiO2E6MTp7czozOiJ1cmwiO3M6MTU6Imh0dHBzOi8vZ3lzLmFwcCI7fXM6NjoiX2ZsYXNoIjthOjI6e3M6Mzoib2xkIjthOjA6e31zOjM6Im5ldyI7YTowOnt9fX0=', 1691578178),
('a0NQfmjzIIfXThyhACtyqvsXxq0WnnvlB3kCOZQ9', NULL, '103.56.204.42', 'Mozilla/5.0 AppleWebKit/537.36 (KHTML, like Gecko; compatible; bingbot/2.0; +http://www.bing.com/bingbot.htm) Chrome/103.0.5060.134 Safari/537.36', 'YTozOntzOjY6Il90b2tlbiI7czo0MDoiREtGeUt2blBkQjdhbUx3U2Q5WEQ1SWNDQmtkcWlKNklXYnhRTXp4YyI7czo5OiJfcHJldmlvdXMiO2E6MTp7czozOiJ1cmwiO3M6MTU6Imh0dHBzOi8vZ3lzLmFwcCI7fXM6NjoiX2ZsYXNoIjthOjI6e3M6Mzoib2xkIjthOjA6e31zOjM6Im5ldyI7YTowOnt9fX0=', 1691577396),
('b1UjaAzghq04ysGpy24FW1c5ohZ67uqYJKZ7RkvF', 1, '::1', 'Mozilla/5.0 (X11; Linux x86_64) AppleWebKit/537.36 (KHTML, like Gecko) Chrome/115.0.0.0 Safari/537.36', 'YTo3OntzOjY6Il90b2tlbiI7czo0MDoiMFBRTE5JY29yRGFSU0d5dlRSNlJrNlVXM0hXUGZIWWtEck1rN3pkQSI7czo5OiJfcHJldmlvdXMiO2E6MTp7czozOiJ1cmwiO3M6NTI6Imh0dHA6Ly9sb2NhbGhvc3QvbWVtb3Rpcy9wdWJsaWMvZGFzaGJvYXJkL21vbS90YW1iYWgiO31zOjY6Il9mbGFzaCI7YToyOntzOjM6Im9sZCI7YTowOnt9czozOiJuZXciO2E6MDp7fX1zOjUwOiJsb2dpbl93ZWJfNTliYTM2YWRkYzJiMmY5NDAxNTgwZjAxNGM3ZjU4ZWE0ZTMwOTg5ZCI7aToxO3M6MjE6InBhc3N3b3JkX2hhc2hfc2FuY3R1bSI7czo2MDoiJDJ5JDEwJEVRU2pJZUVxZ2V1bVA4TGgwazVhSU83ODhGOHgxWlpPdDJCZDJKUXFRUFdnN1VDcksvcm5DIjtzOjg6ImhhbGFtYW4yIjtzOjU2OiJodHRwOi8vbG9jYWxob3N0L21lbW90aXMvcHVibGljL2Rhc2hib2FyZC9tZW51L3N1Ym1lbnUvMSI7czo3OiJoYWxhbWFuIjtzOjQ1OiJodHRwOi8vbG9jYWxob3N0L21lbW90aXMvcHVibGljL2Rhc2hib2FyZC9tb20iO30=', 1691645663),
('CPhfm4GIuPtAxftZUzV1Rx4aFItf6SaadErikilk', NULL, '103.56.204.42', 'Mozilla/5.0 AppleWebKit/537.36 (KHTML, like Gecko; compatible; bingbot/2.0; +http://www.bing.com/bingbot.htm) Chrome/103.0.5060.134 Safari/537.36', 'YTozOntzOjY6Il90b2tlbiI7czo0MDoiOThKcG5yNnlseHFweXRpTVZOeHg3V0ZGNTY2TmpINDBoV3dsb0VEVSI7czo5OiJfcHJldmlvdXMiO2E6MTp7czozOiJ1cmwiO3M6MTU6Imh0dHBzOi8vZ3lzLmFwcCI7fXM6NjoiX2ZsYXNoIjthOjI6e3M6Mzoib2xkIjthOjA6e31zOjM6Im5ldyI7YTowOnt9fX0=', 1691578799),
('GhQYpq6k54n4BBUCQWE2pH4UWxSQdhNBSWLr9koP', NULL, '103.56.204.42', 'Mozilla/5.0 AppleWebKit/537.36 (KHTML, like Gecko; compatible; bingbot/2.0; +http://www.bing.com/bingbot.htm) Chrome/103.0.5060.134 Safari/537.36', 'YTozOntzOjY6Il90b2tlbiI7czo0MDoiMFFZa1RIeWgzOEJQcjlBSmNwVmYzUWpqWnVSRjAwRTg3aDBSYW13RiI7czo5OiJfcHJldmlvdXMiO2E6MTp7czozOiJ1cmwiO3M6MTU6Imh0dHBzOi8vZ3lzLmFwcCI7fXM6NjoiX2ZsYXNoIjthOjI6e3M6Mzoib2xkIjthOjA6e31zOjM6Im5ldyI7YTowOnt9fX0=', 1691579419),
('MfInwakI4PPEz2YyiqLhnbOus8VBIKeShRY1kaIC', NULL, '103.56.204.42', 'Mozilla/5.0 (X11; Linux x86_64) AppleWebKit/537.36 (KHTML, like Gecko) Chrome/115.0.0.0 Safari/537.36', 'YTozOntzOjY6Il90b2tlbiI7czo0MDoia2xJcm40ZEUwNnFIT0J0SjJITUhZNnpkOXdiMkRrV1NTZWtmMGNhVyI7czo5OiJfcHJldmlvdXMiO2E6MTp7czozOiJ1cmwiO3M6MjE6Imh0dHBzOi8vZ3lzLmFwcC9sb2dpbiI7fXM6NjoiX2ZsYXNoIjthOjI6e3M6Mzoib2xkIjthOjA6e31zOjM6Im5ldyI7YTowOnt9fX0=', 1691576493),
('OLNGFTBtVKySy53Xj6tuDAX6BViNHMtZu1p2agGE', NULL, '103.56.204.42', 'Mozilla/5.0 AppleWebKit/537.36 (KHTML, like Gecko; compatible; bingbot/2.0; +http://www.bing.com/bingbot.htm) Chrome/103.0.5060.134 Safari/537.36', 'YTozOntzOjY6Il90b2tlbiI7czo0MDoiak95ZWZxdFg0U1lUZFg2bzloMmtscmxYdjdRVldnZU9MaVR5RUNPYSI7czo5OiJfcHJldmlvdXMiO2E6MTp7czozOiJ1cmwiO3M6MTU6Imh0dHBzOi8vZ3lzLmFwcCI7fXM6NjoiX2ZsYXNoIjthOjI6e3M6Mzoib2xkIjthOjA6e31zOjM6Im5ldyI7YTowOnt9fX0=', 1691578498),
('pNGnji8BQkXytKQty3zvljHBuZ8429npCq1Fro8h', NULL, '103.56.204.42', 'Mozilla/5.0 AppleWebKit/537.36 (KHTML, like Gecko; compatible; bingbot/2.0; +http://www.bing.com/bingbot.htm) Chrome/103.0.5060.134 Safari/537.36', 'YTozOntzOjY6Il90b2tlbiI7czo0MDoiaGZGQWVCOG1tVWpKZ1VQYlVtc0hndFhYM0thZEtNZHRaU3hPZHFmMiI7czo5OiJfcHJldmlvdXMiO2E6MTp7czozOiJ1cmwiO3M6MTU6Imh0dHBzOi8vZ3lzLmFwcCI7fXM6NjoiX2ZsYXNoIjthOjI6e3M6Mzoib2xkIjthOjA6e31zOjM6Im5ldyI7YTowOnt9fX0=', 1691578328),
('QqUIWTYQmO9CnGv3Q3QsgjcEkQbQbK1pBGtf0VoD', NULL, '103.56.204.42', 'Mozilla/5.0 AppleWebKit/537.36 (KHTML, like Gecko; compatible; bingbot/2.0; +http://www.bing.com/bingbot.htm) Chrome/103.0.5060.134 Safari/537.36', 'YTozOntzOjY6Il90b2tlbiI7czo0MDoic2pISk9rc2dvTXNzSkpDaDV4QU12aFI3QXMxZGRGZHZxRUFvSXdMciI7czo5OiJfcHJldmlvdXMiO2E6MTp7czozOiJ1cmwiO3M6MTU6Imh0dHBzOi8vZ3lzLmFwcCI7fXM6NjoiX2ZsYXNoIjthOjI6e3M6Mzoib2xkIjthOjA6e31zOjM6Im5ldyI7YTowOnt9fX0=', 1691578258),
('rhMDygLh8BEpfYr7hYGBNAxwkNSb9hQL9k7jBSvK', 1, '::1', 'Mozilla/5.0 (X11; Linux x86_64) AppleWebKit/537.36 (KHTML, like Gecko) Chrome/115.0.0.0 Safari/537.36', 'YTo3OntzOjY6Il90b2tlbiI7czo0MDoicFNueWlVcHRTSFBvWGh3UjdNSEE3WktyQWxGcmFVZWZSdDFmWEdKOCI7czozOiJ1cmwiO2E6MDp7fXM6OToiX3ByZXZpb3VzIjthOjE6e3M6MzoidXJsIjtzOjUyOiJodHRwOi8vbG9jYWxob3N0L21lbW90aXMvcHVibGljL2Rhc2hib2FyZC9tb20vdGFtYmFoIjt9czo2OiJfZmxhc2giO2E6Mjp7czozOiJvbGQiO2E6MDp7fXM6MzoibmV3IjthOjA6e319czo1MDoibG9naW5fd2ViXzU5YmEzNmFkZGMyYjJmOTQwMTU4MGYwMTRjN2Y1OGVhNGUzMDk4OWQiO2k6MTtzOjIxOiJwYXNzd29yZF9oYXNoX3NhbmN0dW0iO3M6NjA6IiQyeSQxMCRFUVNqSWVFcWdldW1QOExoMGs1YUlPNzg4Rjh4MVpaT3QyQmQySlFxUVBXZzdVQ3JLL3JuQyI7czo3OiJoYWxhbWFuIjtzOjQ1OiJodHRwOi8vbG9jYWxob3N0L21lbW90aXMvcHVibGljL2Rhc2hib2FyZC9tb20iO30=', 1691585397),
('stRdcTONEOynM7A85iUe8FJPHKQkG11Et0G83c7A', 1, '::1', 'Mozilla/5.0 (X11; Linux x86_64) AppleWebKit/537.36 (KHTML, like Gecko) Chrome/115.0.0.0 Safari/537.36', 'YTo3OntzOjY6Il90b2tlbiI7czo0MDoid3FNNGRWUE1NR2NDUDQyUlNEOFBZMDdUZWVxQzhqYmdaYmlYNENLWSI7czozOiJ1cmwiO2E6MDp7fXM6OToiX3ByZXZpb3VzIjthOjE6e3M6MzoidXJsIjtzOjEzMzoiaHR0cDovL2xvY2FsaG9zdC9tZW1vdGlzL3B1YmxpYy9kYXNoYm9hcmQvZXZlbnRjYWxlbmRhcj9lbmQ9MjAyMy0wOS0xMVQwMCUzQTAwJTNBMDAlMkIwNyUzQTAwJnN0YXJ0PTIwMjMtMDctMzFUMDAlM0EwMCUzQTAwJTJCMDclM0EwMCI7fXM6NjoiX2ZsYXNoIjthOjI6e3M6Mzoib2xkIjthOjA6e31zOjM6Im5ldyI7YTowOnt9fXM6NTA6ImxvZ2luX3dlYl81OWJhMzZhZGRjMmIyZjk0MDE1ODBmMDE0YzdmNThlYTRlMzA5ODlkIjtpOjE7czoyMToicGFzc3dvcmRfaGFzaF9zYW5jdHVtIjtzOjYwOiIkMnkkMTAkRVFTakllRXFnZXVtUDhMaDBrNWFJTzc4OEY4eDFaWk90MkJkMkpRcVFQV2c3VUNySy9ybkMiO3M6NzoiaGFsYW1hbiI7czo0NToiaHR0cDovL2xvY2FsaG9zdC9tZW1vdGlzL3B1YmxpYy9kYXNoYm9hcmQvbW9tIjt9', 1691659633),
('YrLcgH7RFCwP0N59Jh87iwatpsyrepe3OzClHJha', NULL, '103.56.204.42', 'Mozilla/5.0 AppleWebKit/537.36 (KHTML, like Gecko; compatible; bingbot/2.0; +http://www.bing.com/bingbot.htm) Chrome/103.0.5060.134 Safari/537.36', 'YTozOntzOjY6Il90b2tlbiI7czo0MDoib2hxVmsxTE5QM2l3dnVuZVFSTGM3YUtxS3U1VUdQcXBoVm9OQ1d4ZyI7czo5OiJfcHJldmlvdXMiO2E6MTp7czozOiJ1cmwiO3M6MTU6Imh0dHBzOi8vZ3lzLmFwcCI7fXM6NjoiX2ZsYXNoIjthOjI6e3M6Mzoib2xkIjthOjA6e31zOjM6Im5ldyI7YTowOnt9fX0=', 1691578207);

-- --------------------------------------------------------

--
-- Table structure for table `surats`
--

CREATE TABLE `surats` (
  `id_surats` bigint(20) UNSIGNED NOT NULL,
  `klasifikasi_surats_id` bigint(20) UNSIGNED DEFAULT NULL,
  `derajat_surats_id` bigint(20) UNSIGNED DEFAULT NULL,
  `sifat_surats_id` bigint(20) UNSIGNED DEFAULT NULL,
  `users_id` bigint(20) UNSIGNED DEFAULT NULL,
  `no_surats` varchar(255) NOT NULL,
  `no_asal_surats` varchar(255) NOT NULL,
  `asal_surats` varchar(255) NOT NULL,
  `judul_surats` varchar(255) NOT NULL,
  `tanggal_asal_surats` date DEFAULT NULL,
  `tanggal_mulai_surats` date DEFAULT NULL,
  `tanggal_selesai_surats` date DEFAULT NULL,
  `perihal_surats` varchar(255) NOT NULL,
  `ringkasan_surats` longtext NOT NULL,
  `keterangan_surats` longtext NOT NULL,
  `status_agendakan_surats` double NOT NULL DEFAULT 0,
  `created_at` timestamp NULL DEFAULT NULL,
  `updated_at` timestamp NULL DEFAULT NULL
) ENGINE=InnoDB DEFAULT CHARSET=utf8mb4 COLLATE=utf8mb4_unicode_ci;

-- --------------------------------------------------------

--
-- Table structure for table `surat_lampirans`
--

CREATE TABLE `surat_lampirans` (
  `id_surat_lampirans` bigint(20) UNSIGNED NOT NULL,
  `surats_id` bigint(20) UNSIGNED DEFAULT NULL,
  `file_surat_lampirans` varchar(255) NOT NULL,
  `created_at` timestamp NULL DEFAULT NULL,
  `updated_at` timestamp NULL DEFAULT NULL
) ENGINE=InnoDB DEFAULT CHARSET=utf8mb4 COLLATE=utf8mb4_unicode_ci;

-- --------------------------------------------------------

--
-- Table structure for table `surat_users`
--

CREATE TABLE `surat_users` (
  `id_surat_users` bigint(20) UNSIGNED NOT NULL,
  `surats_id` bigint(20) UNSIGNED DEFAULT NULL,
  `users_id` bigint(20) UNSIGNED DEFAULT NULL,
  `status_baca_surat_users` tinyint(1) NOT NULL DEFAULT 0,
  `created_at` timestamp NULL DEFAULT NULL,
  `updated_at` timestamp NULL DEFAULT NULL
) ENGINE=InnoDB DEFAULT CHARSET=utf8mb4 COLLATE=utf8mb4_unicode_ci;

-- --------------------------------------------------------

--
-- Table structure for table `users`
--

CREATE TABLE `users` (
  `id` bigint(20) UNSIGNED NOT NULL,
  `level_sistems_id` bigint(20) UNSIGNED DEFAULT NULL,
  `username` varchar(255) NOT NULL,
  `name` varchar(255) NOT NULL,
  `email` varchar(255) NOT NULL,
  `email_verified_at` timestamp NULL DEFAULT NULL,
  `password` varchar(255) NOT NULL,
  `two_factor_secret` text DEFAULT NULL,
  `two_factor_recovery_codes` text DEFAULT NULL,
  `two_factor_confirmed_at` timestamp NULL DEFAULT NULL,
  `remember_token` varchar(100) DEFAULT NULL,
  `current_team_id` bigint(20) UNSIGNED DEFAULT NULL,
  `profile_photo_path` varchar(2048) DEFAULT NULL,
  `created_at` timestamp NULL DEFAULT NULL,
  `updated_at` timestamp NULL DEFAULT NULL,
  `deleted_at` timestamp NULL DEFAULT NULL
) ENGINE=InnoDB DEFAULT CHARSET=utf8mb4 COLLATE=utf8mb4_unicode_ci;

--
-- Dumping data for table `users`
--

INSERT INTO `users` (`id`, `level_sistems_id`, `username`, `name`, `email`, `email_verified_at`, `password`, `two_factor_secret`, `two_factor_recovery_codes`, `two_factor_confirmed_at`, `remember_token`, `current_team_id`, `profile_photo_path`, `created_at`, `updated_at`, `deleted_at`) VALUES
(1, 1, 'developer', 'Developer', 'developer@memotis.com', NULL, '$2y$10$EQSjIeEqgeumP8Lh0k5aIO788F8x1ZZOt2Bd2JQqQPWg7UCrK/rnC', NULL, NULL, NULL, '', NULL, NULL, '2023-07-19 12:37:07', '2023-07-24 09:07:20', NULL),
(2, 2, 'aribudayana', 'IGB Ari Budayana', 'aribudayana@gys.app', NULL, '$2y$10$U.l6BzPBxxG7ROEHdDX7d.xiJkBJBOTgy5nfSJdysbYHSI6S.n4AO', NULL, NULL, NULL, 'MUMejt0ZGgngIPnBXzk6COjRCYT6Ef7ESTHsNRFibCVW3LUIYrwBD19Fp5TY9LbsBn0px7MICizbiHKh6GSs9bodgNkvFochOZ4T', NULL, NULL, '2023-07-24 07:05:22', '2023-07-24 07:06:21', NULL),
(3, 3, 'eryashari', 'Erie Ashari', 'ery@gys.app', NULL, '$2y$10$lLrnI.oIdIPP.zb1klWWs.AMQu1EVxzcnEDj36n7RyRPuDNwcEDBG', NULL, NULL, NULL, 'U6ewUd3JbL7WH0RUBEhsfklyblM95JaZYOWqxEQifdqBnMPX4KnqwgSKDV4qo6lOPk9xfv9WCf6wVy99IBHIANhCv0ufgAiAjR7i', NULL, NULL, '2023-07-24 07:07:36', '2023-07-24 07:38:42', NULL),
(4, 5, 'wisnu', 'Wisnu Andhika', 'wisnu@gys.app', NULL, '$2y$10$793OFs7WiXDcmPAgL59EuuJUnhKY5pBWjfOFbP4ADvlzsIFTPsEim', NULL, NULL, NULL, 'amNyPEYyufV871ZVIR7Kvx326muux6l422kfnw1SqyJav7slczvJxAPo6uyfS4sqKiftXE8j51593hxU62B92zGn3uZyFboynqmW', NULL, NULL, '2023-07-24 07:09:44', '2023-07-24 07:39:06', NULL),
(5, 8, 'hasby', 'Hasby Syadzali', 'hasby@gys.app', NULL, '$2y$10$SeTzlC6VhrOagVF88lS5wubHiFS5rUbZCYoel0UaLK8.49LBvcGcq', NULL, NULL, NULL, 'IyAh6K63J6SUYQix6LItgxfCfq5J6RxMdTinRw4bQPJUwQEibrZ0A7oSdjtsFLMUcNPTjDRW2egLl64jYAtro5c3SKbkgf7f05sU', NULL, NULL, '2023-07-24 07:10:44', '2023-08-04 09:14:10', NULL),
(6, 10, 'bimo', 'Bimo Sandoro', 'bimo@gys.app', NULL, '$2y$10$bBGyd1FLfH7OOtimrtTyIOVwYoe6u3iIH6Y6xS8IYU7zFCTqCKrAW', NULL, NULL, NULL, '6igV4VHq9zMuyYiMUlTWzhTUWvBxb75bMX7E7iskyEMWEbawdodx1QCNaMDz9zG687u05vqCZW6mUYHormGBjjucJcnN1o72v9Kg', NULL, NULL, '2023-07-24 07:12:26', '2023-07-24 07:37:35', NULL),
(7, 12, 'monica', 'Monica Septi Andriyani', 'monica@gys.app', NULL, '$2y$10$nRe8NOrw7Ph9SEoMq1JIdeLu0qSr0fCEU4ejYnk/ZhEM/0i.kKIAO', NULL, NULL, NULL, 'h2IekLhlsp0Je0QPHgbQC7vROOvlaQ13ICsU1sd6giraXbFfJiM4Yn7AyhpFLj3KM0DHEshzPuq4MGY4tKRe0xjjos5x7dxaA583', NULL, NULL, '2023-07-24 07:13:37', '2023-07-24 07:38:01', NULL),
(8, 14, 'dadang', 'Dadang Darmawan', 'dadang@gys.app', NULL, '$2y$10$uV3Ph7Ttb1TqIzcYRfVAR.XNx.NJ28Mf3TAS1oOBFMCdXhddhP/cy', NULL, NULL, NULL, 'ErDDlrZfhIHXKJ4n3hVzg9Boy3Kk1jjEmwe36mVNTTNcqfPe7DO1pXJilSRzQgyemtcqqJY0Nl7nAAnwsmmU0YxxU5OSpStaYhpi', NULL, NULL, '2023-07-24 07:14:02', '2023-07-24 07:38:21', NULL),
(9, 13, 'yani', 'Siti Kumiyani', 'yani@gys.app', NULL, '$2y$10$k36blcp5YKjqD/QNsUXx.esmAZasgNq9txVi8VKvkaUxVQFiGOhUO', NULL, NULL, NULL, '5s1pwxodo2so0Gu6NW3IfiOiG56kK4fymAfW0oNDtzED3FSlcqPQkcTeKBN2IatK9jUMwn58h8qdczM2dUKnBGapCmLV5UKsncHW', NULL, NULL, '2023-07-24 07:15:35', '2023-07-24 07:36:17', NULL),
(10, 15, 'teti', 'Teti Rusmeileni Hidayat', 'teti@gys.app', NULL, '$2y$10$/nikn8svV22Soe0QJx8Rj.JtLqEMmMxGT6IaGkW09lIWzwxSJN.Y2', NULL, NULL, NULL, 'DxWXcfKgCes7xR9HZDpDDbLz0QoatxZIrjKeBZnDmw5aKocmG7APQxo9S0Q50JSeBX0eGSX5LVkMRrJua94CoypQf478C3e7zV1d', NULL, NULL, '2023-07-24 07:16:08', '2023-07-24 07:36:40', NULL),
(11, 16, 'haidar', 'Ammar Haidar Nugraha', 'haidar@gys.app', NULL, '$2y$10$5v6D680Ig.khx5Dmp7LBaeTO4beUaQR5FH/BUjQ0jSCwWdxGYPCdq', NULL, NULL, NULL, 'hMJc2pR1AoNVBkamZkJnysNjUa6cz8rOPZtDkGQWJIoKO8m4Y7uGpHiosJcC4Br93SO48gBvULpE37L98Al67wpqt2JrmVIG4Pvs', NULL, NULL, '2023-07-24 07:17:14', '2023-07-24 07:37:12', NULL);

--
-- Indexes for dumped tables
--

--
-- Indexes for table `failed_jobs`
--
ALTER TABLE `failed_jobs`
  ADD PRIMARY KEY (`id`),
  ADD UNIQUE KEY `failed_jobs_uuid_unique` (`uuid`);

--
-- Indexes for table `master_akses`
--
ALTER TABLE `master_akses`
  ADD PRIMARY KEY (`id_akses`),
  ADD KEY `master_akses_level_sistems_id_index` (`level_sistems_id`),
  ADD KEY `master_akses_fiturs_id_index` (`fiturs_id`);

--
-- Indexes for table `master_derajat_surats`
--
ALTER TABLE `master_derajat_surats`
  ADD PRIMARY KEY (`id_derajat_surats`);

--
-- Indexes for table `master_disposisi_surats`
--
ALTER TABLE `master_disposisi_surats`
  ADD PRIMARY KEY (`id_disposisi_surats`);

--
-- Indexes for table `master_divisis`
--
ALTER TABLE `master_divisis`
  ADD PRIMARY KEY (`id_divisis`);

--
-- Indexes for table `master_fiturs`
--
ALTER TABLE `master_fiturs`
  ADD PRIMARY KEY (`id_fiturs`),
  ADD KEY `master_fiturs_menus_id_index` (`menus_id`);

--
-- Indexes for table `master_klasifikasi_surats`
--
ALTER TABLE `master_klasifikasi_surats`
  ADD PRIMARY KEY (`id_klasifikasi_surats`);

--
-- Indexes for table `master_konfigurasi_aplikasis`
--
ALTER TABLE `master_konfigurasi_aplikasis`
  ADD PRIMARY KEY (`id_konfigurasi_aplikasis`);

--
-- Indexes for table `master_level_sistems`
--
ALTER TABLE `master_level_sistems`
  ADD PRIMARY KEY (`id_level_sistems`),
  ADD KEY `master_level_sistems_level_sistems_id_index` (`level_sistems_id`) USING BTREE,
  ADD KEY `master_level_sistems_divisis_id_index` (`divisis_id`) USING BTREE;

--
-- Indexes for table `master_menus`
--
ALTER TABLE `master_menus`
  ADD PRIMARY KEY (`id_menus`),
  ADD KEY `master_menus_menus_id_index` (`menus_id`);

--
-- Indexes for table `master_sifat_surats`
--
ALTER TABLE `master_sifat_surats`
  ADD PRIMARY KEY (`id_sifat_surats`);

--
-- Indexes for table `master_sosial_medias`
--
ALTER TABLE `master_sosial_medias`
  ADD PRIMARY KEY (`id_sosial_medias`);

--
-- Indexes for table `master_status_tugas`
--
ALTER TABLE `master_status_tugas`
  ADD PRIMARY KEY (`id_status_tugas`);

--
-- Indexes for table `migrations`
--
ALTER TABLE `migrations`
  ADD PRIMARY KEY (`id`);

--
-- Indexes for table `moms`
--
ALTER TABLE `moms`
  ADD PRIMARY KEY (`id_moms`),
  ADD KEY `users_id` (`users_id`),
  ADD KEY `moms_id` (`moms_id`);

--
-- Indexes for table `mom_users`
--
ALTER TABLE `mom_users`
  ADD PRIMARY KEY (`id_mom_users`),
  ADD KEY `mom_users_moms_id_index` (`moms_id`),
  ADD KEY `mom_users_users_id_index` (`users_id`),
  ADD KEY `mom_users_status_tugas_id_index` (`status_tugas_id`);

--
-- Indexes for table `mom_user_externals`
--
ALTER TABLE `mom_user_externals`
  ADD PRIMARY KEY (`id_mom_user_externals`),
  ADD KEY `mom_user_externals_moms_id_index` (`moms_id`);

--
-- Indexes for table `password_reset_tokens`
--
ALTER TABLE `password_reset_tokens`
  ADD PRIMARY KEY (`email`);

--
-- Indexes for table `personal_access_tokens`
--
ALTER TABLE `personal_access_tokens`
  ADD PRIMARY KEY (`id`),
  ADD UNIQUE KEY `personal_access_tokens_token_unique` (`token`),
  ADD KEY `personal_access_tokens_tokenable_type_tokenable_id_index` (`tokenable_type`,`tokenable_id`);

--
-- Indexes for table `sessions`
--
ALTER TABLE `sessions`
  ADD PRIMARY KEY (`id`),
  ADD KEY `sessions_user_id_index` (`user_id`),
  ADD KEY `sessions_last_activity_index` (`last_activity`);

--
-- Indexes for table `surats`
--
ALTER TABLE `surats`
  ADD PRIMARY KEY (`id_surats`),
  ADD KEY `surats_klasifikasi_surats_id_index` (`klasifikasi_surats_id`),
  ADD KEY `surats_derajat_surats_id_index` (`derajat_surats_id`),
  ADD KEY `surats_sifat_surats_id_index` (`sifat_surats_id`),
  ADD KEY `surats_users_id_index` (`users_id`);

--
-- Indexes for table `surat_lampirans`
--
ALTER TABLE `surat_lampirans`
  ADD PRIMARY KEY (`id_surat_lampirans`),
  ADD KEY `surat_lampirans_surats_id_index` (`surats_id`);

--
-- Indexes for table `surat_users`
--
ALTER TABLE `surat_users`
  ADD PRIMARY KEY (`id_surat_users`),
  ADD KEY `surat_users_surats_id_index` (`surats_id`),
  ADD KEY `surat_users_users_id_index` (`users_id`);

--
-- Indexes for table `users`
--
ALTER TABLE `users`
  ADD PRIMARY KEY (`id`),
  ADD UNIQUE KEY `users_email_unique` (`email`),
  ADD KEY `users_level_sistems_id_index` (`level_sistems_id`);

--
-- AUTO_INCREMENT for dumped tables
--

--
-- AUTO_INCREMENT for table `failed_jobs`
--
ALTER TABLE `failed_jobs`
  MODIFY `id` bigint(20) UNSIGNED NOT NULL AUTO_INCREMENT;

--
-- AUTO_INCREMENT for table `master_akses`
--
ALTER TABLE `master_akses`
  MODIFY `id_akses` bigint(20) UNSIGNED NOT NULL AUTO_INCREMENT, AUTO_INCREMENT=722;

--
-- AUTO_INCREMENT for table `master_derajat_surats`
--
ALTER TABLE `master_derajat_surats`
  MODIFY `id_derajat_surats` bigint(20) UNSIGNED NOT NULL AUTO_INCREMENT, AUTO_INCREMENT=4;

--
-- AUTO_INCREMENT for table `master_disposisi_surats`
--
ALTER TABLE `master_disposisi_surats`
  MODIFY `id_disposisi_surats` bigint(20) UNSIGNED NOT NULL AUTO_INCREMENT, AUTO_INCREMENT=11;

--
-- AUTO_INCREMENT for table `master_divisis`
--
ALTER TABLE `master_divisis`
  MODIFY `id_divisis` bigint(20) UNSIGNED NOT NULL AUTO_INCREMENT, AUTO_INCREMENT=16;

--
-- AUTO_INCREMENT for table `master_fiturs`
--
ALTER TABLE `master_fiturs`
  MODIFY `id_fiturs` bigint(20) UNSIGNED NOT NULL AUTO_INCREMENT, AUTO_INCREMENT=63;

--
-- AUTO_INCREMENT for table `master_klasifikasi_surats`
--
ALTER TABLE `master_klasifikasi_surats`
  MODIFY `id_klasifikasi_surats` bigint(20) UNSIGNED NOT NULL AUTO_INCREMENT, AUTO_INCREMENT=14;

--
-- AUTO_INCREMENT for table `master_konfigurasi_aplikasis`
--
ALTER TABLE `master_konfigurasi_aplikasis`
  MODIFY `id_konfigurasi_aplikasis` bigint(20) UNSIGNED NOT NULL AUTO_INCREMENT, AUTO_INCREMENT=2;

--
-- AUTO_INCREMENT for table `master_level_sistems`
--
ALTER TABLE `master_level_sistems`
  MODIFY `id_level_sistems` bigint(20) UNSIGNED NOT NULL AUTO_INCREMENT, AUTO_INCREMENT=17;

--
-- AUTO_INCREMENT for table `master_menus`
--
ALTER TABLE `master_menus`
  MODIFY `id_menus` bigint(20) UNSIGNED NOT NULL AUTO_INCREMENT, AUTO_INCREMENT=17;

--
-- AUTO_INCREMENT for table `master_sifat_surats`
--
ALTER TABLE `master_sifat_surats`
  MODIFY `id_sifat_surats` bigint(20) UNSIGNED NOT NULL AUTO_INCREMENT, AUTO_INCREMENT=4;

--
-- AUTO_INCREMENT for table `master_sosial_medias`
--
ALTER TABLE `master_sosial_medias`
  MODIFY `id_sosial_medias` bigint(20) UNSIGNED NOT NULL AUTO_INCREMENT;

--
-- AUTO_INCREMENT for table `master_status_tugas`
--
ALTER TABLE `master_status_tugas`
  MODIFY `id_status_tugas` bigint(20) UNSIGNED NOT NULL AUTO_INCREMENT, AUTO_INCREMENT=5;

--
-- AUTO_INCREMENT for table `migrations`
--
ALTER TABLE `migrations`
  MODIFY `id` int(10) UNSIGNED NOT NULL AUTO_INCREMENT, AUTO_INCREMENT=25;

--
-- AUTO_INCREMENT for table `moms`
--
ALTER TABLE `moms`
  MODIFY `id_moms` bigint(20) UNSIGNED NOT NULL AUTO_INCREMENT, AUTO_INCREMENT=2;

--
-- AUTO_INCREMENT for table `mom_users`
--
ALTER TABLE `mom_users`
  MODIFY `id_mom_users` bigint(20) UNSIGNED NOT NULL AUTO_INCREMENT, AUTO_INCREMENT=3;

--
-- AUTO_INCREMENT for table `mom_user_externals`
--
ALTER TABLE `mom_user_externals`
  MODIFY `id_mom_user_externals` bigint(20) UNSIGNED NOT NULL AUTO_INCREMENT;

--
-- AUTO_INCREMENT for table `personal_access_tokens`
--
ALTER TABLE `personal_access_tokens`
  MODIFY `id` bigint(20) UNSIGNED NOT NULL AUTO_INCREMENT;

--
-- AUTO_INCREMENT for table `surats`
--
ALTER TABLE `surats`
  MODIFY `id_surats` bigint(20) UNSIGNED NOT NULL AUTO_INCREMENT;

--
-- AUTO_INCREMENT for table `surat_lampirans`
--
ALTER TABLE `surat_lampirans`
  MODIFY `id_surat_lampirans` bigint(20) UNSIGNED NOT NULL AUTO_INCREMENT;

--
-- AUTO_INCREMENT for table `surat_users`
--
ALTER TABLE `surat_users`
  MODIFY `id_surat_users` bigint(20) UNSIGNED NOT NULL AUTO_INCREMENT;

--
-- AUTO_INCREMENT for table `users`
--
ALTER TABLE `users`
  MODIFY `id` bigint(20) UNSIGNED NOT NULL AUTO_INCREMENT, AUTO_INCREMENT=12;

--
-- Constraints for dumped tables
--

--
-- Constraints for table `master_akses`
--
ALTER TABLE `master_akses`
  ADD CONSTRAINT `master_akses_fiturs_id_foreign` FOREIGN KEY (`fiturs_id`) REFERENCES `master_fiturs` (`id_fiturs`) ON DELETE CASCADE ON UPDATE CASCADE,
  ADD CONSTRAINT `master_akses_level_sistems_id_foreign` FOREIGN KEY (`level_sistems_id`) REFERENCES `master_level_sistems` (`id_level_sistems`) ON DELETE CASCADE ON UPDATE CASCADE;

--
-- Constraints for table `master_fiturs`
--
ALTER TABLE `master_fiturs`
  ADD CONSTRAINT `master_fiturs_menus_id_foreign` FOREIGN KEY (`menus_id`) REFERENCES `master_menus` (`id_menus`) ON DELETE CASCADE ON UPDATE CASCADE;

--
-- Constraints for table `master_level_sistems`
--
ALTER TABLE `master_level_sistems`
  ADD CONSTRAINT `master_level_sistems_divisis_id_foreign` FOREIGN KEY (`divisis_id`) REFERENCES `master_divisis` (`id_divisis`) ON DELETE SET NULL ON UPDATE SET NULL,
  ADD CONSTRAINT `master_level_sistems_level_sistems_id_foreign` FOREIGN KEY (`level_sistems_id`) REFERENCES `master_level_sistems` (`id_level_sistems`) ON DELETE SET NULL ON UPDATE SET NULL;

--
-- Constraints for table `master_menus`
--
ALTER TABLE `master_menus`
  ADD CONSTRAINT `master_menus_menus_id_foreign` FOREIGN KEY (`menus_id`) REFERENCES `master_menus` (`id_menus`) ON DELETE SET NULL ON UPDATE SET NULL;

--
-- Constraints for table `moms`
--
ALTER TABLE `moms`
  ADD CONSTRAINT `moms_moms_id_foreign` FOREIGN KEY (`moms_id`) REFERENCES `moms` (`id_moms`) ON DELETE SET NULL ON UPDATE SET NULL,
  ADD CONSTRAINT `moms_users_id_foreign` FOREIGN KEY (`users_id`) REFERENCES `users` (`id`) ON DELETE SET NULL ON UPDATE SET NULL;

--
-- Constraints for table `mom_users`
--
ALTER TABLE `mom_users`
  ADD CONSTRAINT `mom_users_moms_id_foreign` FOREIGN KEY (`moms_id`) REFERENCES `moms` (`id_moms`) ON DELETE SET NULL ON UPDATE SET NULL,
  ADD CONSTRAINT `mom_users_status_tugas_id_foreign` FOREIGN KEY (`status_tugas_id`) REFERENCES `master_status_tugas` (`id_status_tugas`) ON DELETE SET NULL ON UPDATE SET NULL,
  ADD CONSTRAINT `mom_users_users_id_foreign` FOREIGN KEY (`users_id`) REFERENCES `users` (`id`) ON DELETE SET NULL ON UPDATE SET NULL;

--
-- Constraints for table `mom_user_externals`
--
ALTER TABLE `mom_user_externals`
  ADD CONSTRAINT `mom_user_externals_moms_id_foreign` FOREIGN KEY (`moms_id`) REFERENCES `moms` (`id_moms`) ON DELETE SET NULL ON UPDATE SET NULL;

--
-- Constraints for table `surats`
--
ALTER TABLE `surats`
  ADD CONSTRAINT `surats_derajat_surats_id_foreign` FOREIGN KEY (`derajat_surats_id`) REFERENCES `master_derajat_surats` (`id_derajat_surats`) ON DELETE SET NULL ON UPDATE SET NULL,
  ADD CONSTRAINT `surats_klasifikasi_surats_id_foreign` FOREIGN KEY (`klasifikasi_surats_id`) REFERENCES `master_klasifikasi_surats` (`id_klasifikasi_surats`) ON DELETE SET NULL ON UPDATE SET NULL,
  ADD CONSTRAINT `surats_sifat_surats_id_foreign` FOREIGN KEY (`sifat_surats_id`) REFERENCES `master_sifat_surats` (`id_sifat_surats`) ON DELETE SET NULL ON UPDATE SET NULL,
  ADD CONSTRAINT `surats_users_id_foreign` FOREIGN KEY (`users_id`) REFERENCES `users` (`id`) ON DELETE SET NULL ON UPDATE SET NULL;

--
-- Constraints for table `surat_lampirans`
--
ALTER TABLE `surat_lampirans`
  ADD CONSTRAINT `surat_lampirans_surats_id_foreign` FOREIGN KEY (`surats_id`) REFERENCES `surats` (`id_surats`) ON DELETE SET NULL ON UPDATE SET NULL;

--
-- Constraints for table `surat_users`
--
ALTER TABLE `surat_users`
  ADD CONSTRAINT `surat_users_surats_id_foreign` FOREIGN KEY (`surats_id`) REFERENCES `surats` (`id_surats`) ON DELETE SET NULL ON UPDATE SET NULL,
  ADD CONSTRAINT `surat_users_users_id_foreign` FOREIGN KEY (`users_id`) REFERENCES `users` (`id`) ON DELETE SET NULL ON UPDATE SET NULL;

--
-- Constraints for table `users`
--
ALTER TABLE `users`
  ADD CONSTRAINT `users_level_sistems_id_foreign` FOREIGN KEY (`level_sistems_id`) REFERENCES `master_level_sistems` (`id_level_sistems`) ON DELETE SET NULL ON UPDATE SET NULL;
COMMIT;

/*!40101 SET CHARACTER_SET_CLIENT=@OLD_CHARACTER_SET_CLIENT */;
/*!40101 SET CHARACTER_SET_RESULTS=@OLD_CHARACTER_SET_RESULTS */;
/*!40101 SET COLLATION_CONNECTION=@OLD_COLLATION_CONNECTION */;
